Route,Location,URL,Avg Stars,Your Stars,Route Type,Rating,Pitches,Length,Area Latitude,Area Longitude
Corrugation Corner,Main Wall > Main Formation > Lover's Leap > Highway 50 Corridor > Lake Tahoe > California,https://www.mountainproject.com/route/105872293/corrugation-corner,3.9,-1,Trad,5.7,3,300.0,38.80006,-120.13522
Bear's Reach,East Wall > Main Formation > Lover's Leap > Highway 50 Corridor > Lake Tahoe > California,https://www.mountainproject.com/route/105798294/bears-reach,3.4,-1,Trad,5.7,3,400.0,38.80261,-120.13204
Hospital Corner,West Wall > Main Formation > Lover's Leap > Highway 50 Corridor > Lake Tahoe > California,https://www.mountainproject.com/route/105798333/hospital-corner,3.9,-1,Trad,5.10a,2,240.0,38.7991,-120.1361
One Of These Days,One Of These Days Buttress > Cloudburst Canyon > Woodfords Canyon > Carson Pass Highway (88) > Lake Tahoe > California,https://www.mountainproject.com/route/106535215/one-of-these-days,3.9,-1,Trad,5.10c,1,115.0,38.76132,-119.86108
The Line,East Wall > Main Formation > Lover's Leap > Highway 50 Corridor > Lake Tahoe > California,https://www.mountainproject.com/route/105798280/the-line,3.7,-1,Trad,5.9,3,320.0,38.80261,-120.13204
Candyland,Middle Spire > Phantom Spires > Highway 50 Corridor > Lake Tahoe > California,https://www.mountainproject.com/route/105875517/candyland,3.8,-1,Trad,5.10c,1,,38.7875,-120.2441
Seams to Me,Eagle Lake Cliff > Eagle Creek Canyon > West Shore > Lake Tahoe > California,https://www.mountainproject.com/route/105879356/seams-to-me,3.8,-1,Trad,5.10c,1,,38.93997,-120.12315
Traveler Buttress,Main Wall > Main Formation > Lover's Leap > Highway 50 Corridor > Lake Tahoe > California,https://www.mountainproject.com/route/105812520/traveler-buttress,3.6,-1,Trad,5.9,4,500.0,38.80006,-120.13522
The Fracture,East Face > Sugarloaf > Sugarloaf Area > Highway 50 Corridor > Lake Tahoe > California,https://www.mountainproject.com/route/105875824/the-fracture,3.7,-1,Trad,5.10d,1,,38.77622,-120.30784
Boot Hill,Main Wall > Main Formation > Lover's Leap > Highway 50 Corridor > Lake Tahoe > California,https://www.mountainproject.com/route/105872309/boot-hill,3.8,-1,Sport,5.11,1,100.0,38.80006,-120.13522
Fear of Flying,Upper Spire > Phantom Spires > Highway 50 Corridor > Lake Tahoe > California,https://www.mountainproject.com/route/105858248/fear-of-flying,3.7,-1,Trad,5.9+,2,,38.78867,-120.24518
The Perfect Lie Back,6 - Liebacks Area > The Fortress > Woodfords Canyon > Carson Pass Highway (88) > Lake Tahoe > California,https://www.mountainproject.com/route/106395441/the-perfect-lie-back,3.7,-1,Trad,5.8,1,60.0,38.76935,-119.85229
Space Truckin',Eagle Lake Cliff > Eagle Creek Canyon > West Shore > Lake Tahoe > California,https://www.mountainproject.com/route/105876300/space-truckin,3.6,-1,Trad,5.10a/b,1,110.0,38.93997,-120.12315
Tombstone Terror,Main Wall > Main Formation > Lover's Leap > Highway 50 Corridor > Lake Tahoe > California,https://www.mountainproject.com/route/105798338/tombstone-terror,3.6,-1,Trad,5.10c,1,80.0,38.80006,-120.13522
Surrealistic Pillar Direct,Lower Buttress > Lover's Leap > Highway 50 Corridor > Lake Tahoe > California,https://www.mountainproject.com/route/105798307/surrealistic-pillar-direct,3.6,-1,Trad,5.10b,1,70.0,38.8003,-120.13695
Taurus,East Face > Sugarloaf > Sugarloaf Area > Highway 50 Corridor > Lake Tahoe > California,https://www.mountainproject.com/route/105916515/taurus,3.7,-1,Trad,5.11b,1,80.0,38.77622,-120.30784
Fantasia,East Wall > Main Formation > Lover's Leap > Highway 50 Corridor > Lake Tahoe > California,https://www.mountainproject.com/route/105735227/fantasia,3.6,-1,Trad,5.9 R,3,300.0,38.80261,-120.13204
Psychedelic Tree,East Wall > Main Formation > Lover's Leap > Highway 50 Corridor > Lake Tahoe > California,https://www.mountainproject.com/route/105928449/psychedelic-tree,3.4,-1,Trad,5.9,3,350.0,38.80261,-120.13204
Scimitar,East Wall > Main Formation > Lover's Leap > Highway 50 Corridor > Lake Tahoe > California,https://www.mountainproject.com/route/105806605/scimitar,3.4,-1,Trad,5.9 R,3,400.0,38.80261,-120.13204
Fingerlock,Sugarbun > Sugarloaf Area > Highway 50 Corridor > Lake Tahoe > California,https://www.mountainproject.com/route/105875526/fingerlock,3.4,-1,Trad,5.10,1,,38.77335,-120.31005
Hyperspace,West Face > Sugarloaf > Sugarloaf Area > Highway 50 Corridor > Lake Tahoe > California,https://www.mountainproject.com/route/105875757/hyperspace,3.5,-1,Trad,5.10b,1,165.0,38.77639,-120.3085
Surrealistic Pillar,Lower Buttress > Lover's Leap > Highway 50 Corridor > Lake Tahoe > California,https://www.mountainproject.com/route/105735614/surrealistic-pillar,3.1,-1,Trad,5.7,3,270.0,38.8003,-120.13695
Haystack,East Wall > Main Formation > Lover's Leap > Highway 50 Corridor > Lake Tahoe > California,https://www.mountainproject.com/route/105810596/haystack,3.2,-1,Trad,5.8,3,400.0,38.80261,-120.13204
Power Lust,Main Wall > Main Formation > Lover's Leap > Highway 50 Corridor > Lake Tahoe > California,https://www.mountainproject.com/route/105927712/power-lust,3.2,-1,Sport,5.11-,1,85.0,38.80006,-120.13522
Pony Express,West Face > Sugarloaf > Sugarloaf Area > Highway 50 Corridor > Lake Tahoe > California,https://www.mountainproject.com/route/105735647/pony-express,3.2,-1,Trad,5.8,2,170.0,38.77639,-120.3085
Over Easy,Middle Spire > Phantom Spires > Highway 50 Corridor > Lake Tahoe > California,https://www.mountainproject.com/route/105859160/over-easy,3.2,-1,Trad,5.7,1,,38.7875,-120.2441
Farley,East Face > Sugarloaf > Sugarloaf Area > Highway 50 Corridor > Lake Tahoe > California,https://www.mountainproject.com/route/105911320/farley,3.2,-1,Trad,5.9,1,80.0,38.77622,-120.30784
Scheister,East Face > Sugarloaf > Sugarloaf Area > Highway 50 Corridor > Lake Tahoe > California,https://www.mountainproject.com/route/105911398/scheister,3.0,-1,Trad,5.7,3,300.0,38.77622,-120.30784
East Crack,East Wall > Main Formation > Lover's Leap > Highway 50 Corridor > Lake Tahoe > California,https://www.mountainproject.com/route/105812271/east-crack,3.1,-1,Trad,5.8,3,400.0,38.80261,-120.13204
Quest for Glory,Eagle Lake Cliff > Eagle Creek Canyon > West Shore > Lake Tahoe > California,https://www.mountainproject.com/route/106663119/quest-for-glory,3.4,-1,Trad,5.10d,1,,38.93997,-120.12315
Dominion,East Face > Sugarloaf > Sugarloaf Area > Highway 50 Corridor > Lake Tahoe > California,https://www.mountainproject.com/route/106033350/dominion,3.1,-1,Trad,5.10a,1,120.0,38.77622,-120.30784
Preparation H,East Wall > Main Formation > Lover's Leap > Highway 50 Corridor > Lake Tahoe > California,https://www.mountainproject.com/route/105810606/preparation-h,3.1,-1,Trad,5.8,1,130.0,38.80261,-120.13204
Gingerbread,Upper Spire > Phantom Spires > Highway 50 Corridor > Lake Tahoe > California,https://www.mountainproject.com/route/105858259/gingerbread,3.0,-1,Trad,5.7,2,,38.78867,-120.24518
Sinbad-Herbert,Lower Buttress > Lover's Leap > Highway 50 Corridor > Lake Tahoe > California,https://www.mountainproject.com/route/105889281/sinbad-herbert,3.0,-1,Trad,5.10d,1,180.0,38.8003,-120.13695
The Prow,Middle Spire > Phantom Spires > Highway 50 Corridor > Lake Tahoe > California,https://www.mountainproject.com/route/105736333/the-prow,3.0,-1,Sport,5.10-,1,40.0,38.7875,-120.2441
Mixologist,Hogwild > Hogsback > Lover's Leap > Highway 50 Corridor > Lake Tahoe > California,https://www.mountainproject.com/route/106225525/mixologist,2.9,-1,Trad,5.9+,1,60.0,38.80235,-120.1392
Pow Wow,Center Wall > Big Chief Area > Truckee River Canyon > Lake Tahoe > California,https://www.mountainproject.com/route/105734978/pow-wow,2.9,-1,Sport,5.11a,1,30.0,39.2451,-120.20291
East Corner,East Wall > Main Formation > Lover's Leap > Highway 50 Corridor > Lake Tahoe > California,https://www.mountainproject.com/route/105806600/east-corner,3.4,-1,Trad,5.11a/b,3,400.0,38.80261,-120.13204
Diamond,Right Side > Mayhem Cove > Eagle Creek Canyon > West Shore > Lake Tahoe > California,https://www.mountainproject.com/route/105735206/diamond,2.9,-1,Sport,5.10b,1,90.0,38.9535,-120.11447
Crepes Corner,Main Wall (Left) > 7. Main Wall > The Pie Shop > South Shore > Lake Tahoe > California,https://www.mountainproject.com/route/105863860/crepes-corner,2.8,-1,Trad,5.7,1,,38.87941,-120.01295
Labor of Love,East Wall > Main Formation > Lover's Leap > Highway 50 Corridor > Lake Tahoe > California,https://www.mountainproject.com/route/105798304/labor-of-love,3.2,-1,Sport,5.10b PG13,1,130.0,38.80261,-120.13204
Cubic Zarconia,Right Side > Mayhem Cove > Eagle Creek Canyon > West Shore > Lake Tahoe > California,https://www.mountainproject.com/route/106847544/cubic-zarconia,2.8,-1,Sport,5.10a/b,1,100.0,38.9535,-120.11447
God of Thunder (.10c Variation),Dear John Buttress > Lover's Leap > Highway 50 Corridor > Lake Tahoe > California,https://www.mountainproject.com/route/106473863/god-of-thunder-10c-variation,2.8,-1,Trad,5.10c,1,40.0,38.79911,-120.137
Whisker Biscuit,3 - Donnie G > The Fortress > Woodfords Canyon > Carson Pass Highway (88) > Lake Tahoe > California,https://www.mountainproject.com/route/106363274/whisker-biscuit,3.1,-1,Trad,5.9,1,80.0,38.76933,-119.85315
Festus,South Wall > Big Chief Area > Truckee River Canyon > Lake Tahoe > California,https://www.mountainproject.com/route/107334413/festus,3.2,-1,Sport,5.10a,1,70.0,39.24416,-120.20261
I Be Jammin',4 - Second Alcove > The Fortress > Woodfords Canyon > Carson Pass Highway (88) > Lake Tahoe > California,https://www.mountainproject.com/route/106452357/i-be-jammin,3.5,-1,Trad,5.10a,1,75.0,38.76946,-119.85281
Bolee Gold,South Face > Sugarloaf > Sugarloaf Area > Highway 50 Corridor > Lake Tahoe > California,https://www.mountainproject.com/route/105736270/bolee-gold,3.4,-1,Trad,5.10c,4,400.0,38.7759,-120.30819
Unknown Chimney,Eagle Lake Cliff > Eagle Creek Canyon > West Shore > Lake Tahoe > California,https://www.mountainproject.com/route/107252668/unknown-chimney,3.2,-1,Sport,5.8,1,80.0,38.93997,-120.12315
Sweating Bullets,Honeycomb Wall > Big Chief Area > Truckee River Canyon > Lake Tahoe > California,https://www.mountainproject.com/route/106487423/sweating-bullets,2.9,-1,Sport,5.10+,1,90.0,39.24428,-120.20265
Neutron,High Energy Wall > Cloudburst Canyon > Woodfords Canyon > Carson Pass Highway (88) > Lake Tahoe > California,https://www.mountainproject.com/route/109543052/neutron,3.7,-1,Trad,5.10a/b,1,70.0,38.7622,-119.86184
DWI,Left Side > Mayhem Cove > Eagle Creek Canyon > West Shore > Lake Tahoe > California,https://www.mountainproject.com/route/105735002/dwi,2.9,-1,Sport,5.11b,1,40.0,38.95326,-120.11439
God of Thunder (5.11b Variation),Dear John Buttress > Lover's Leap > Highway 50 Corridor > Lake Tahoe > California,https://www.mountainproject.com/route/107695666/god-of-thunder-511b-variation,3.4,-1,Trad,5.11a/b,1,40.0,38.79911,-120.137
Buster Brown,Eagle Lake Cliff > Eagle Creek Canyon > West Shore > Lake Tahoe > California,https://www.mountainproject.com/route/105879434/buster-brown,3.2,-1,Trad,5.10b,1,,38.93997,-120.12315
Cat Scratch Fever,1 - Books Area > The Fortress > Woodfords Canyon > Carson Pass Highway (88) > Lake Tahoe > California,https://www.mountainproject.com/route/106519990/cat-scratch-fever,3.3,-1,Trad,5.10a/b,1,60.0,38.76886,-119.85429
Moonshine,Distillery Wall > Luther Rock > South Shore > Lake Tahoe > California,https://www.mountainproject.com/route/105735008/moonshine,3.6,-1,Sport,5.10c,1,90.0,38.80522,-120.00333
Bush League,One Of These Days Buttress > Cloudburst Canyon > Woodfords Canyon > Carson Pass Highway (88) > Lake Tahoe > California,https://www.mountainproject.com/route/106934267/bush-league,2.9,-1,Trad,5.10a,1,65.0,38.76132,-119.86108
Bookmark,Central Wall > Main Formation > Lover's Leap > Highway 50 Corridor > Lake Tahoe > California,https://www.mountainproject.com/route/105875495/bookmark,3.0,-1,Trad,5.8,3,370.0,38.8014,-120.13299
Blue Velvet,East Face > Sugarloaf > Sugarloaf Area > Highway 50 Corridor > Lake Tahoe > California,https://www.mountainproject.com/route/105911327/blue-velvet,3.2,-1,Sport,5.10c,1,100.0,38.77622,-120.30784
Lightning Bolt,90 Foot Wall > Eagle Creek Canyon > West Shore > Lake Tahoe > California,https://www.mountainproject.com/route/105735947/lightning-bolt,2.8,-1,"Trad, TR",5.10b,1,80.0,38.9506,-120.1165
Lesbian Love,Upper Spire > Phantom Spires > Highway 50 Corridor > Lake Tahoe > California,https://www.mountainproject.com/route/106796104/lesbian-love,3.6,-1,Sport,5.11c,1,110.0,38.78867,-120.24518
Old Camp Dihedral,Old Camp Bluff > Silver Lake > Carson Pass Highway (88) > Lake Tahoe > California,https://www.mountainproject.com/route/112064304/old-camp-dihedral,3.4,-1,"Trad, TR",5.7+,1,50.0,38.66885,-120.13085
Self Abuse,Midway Rock > Sugarloaf Area > Highway 50 Corridor > Lake Tahoe > California,https://www.mountainproject.com/route/107031040/self-abuse,3.5,-1,Trad,5.10b,1,45.0,38.7751,-120.3095
Penny Candy,Middle Spire > Phantom Spires > Highway 50 Corridor > Lake Tahoe > California,https://www.mountainproject.com/route/106038234/penny-candy,3.0,-1,Sport,5.10a,1,40.0,38.7875,-120.2441
Craven Image,West Wall > Main Formation > Lover's Leap > Highway 50 Corridor > Lake Tahoe > California,https://www.mountainproject.com/route/105875732/craven-image,3.3,-1,Trad,5.7,5,,38.7991,-120.1361
Just Do It,Luther Spires - Main Area > Luther Spires > South Shore > Lake Tahoe > California,https://www.mountainproject.com/route/108177942/just-do-it,3.3,-1,Sport,5.10c,1,60.0,38.79979,-119.99979
Eeyore's Enigma,Main Wall > Main Formation > Lover's Leap > Highway 50 Corridor > Lake Tahoe > California,https://www.mountainproject.com/route/105806618/eeyores-enigma,3.8,-1,Trad,5.10a,4,500.0,38.80006,-120.13522
Steppin' Stone,Upper Spire > Phantom Spires > Highway 50 Corridor > Lake Tahoe > California,https://www.mountainproject.com/route/105875709/steppin-stone,3.6,-1,Trad,5.11b,2,,38.78867,-120.24518
Skullduggery,Right Side > Mayhem Cove > Eagle Creek Canyon > West Shore > Lake Tahoe > California,https://www.mountainproject.com/route/105735029/skullduggery,3.4,-1,Sport,5.11a,1,70.0,38.9535,-120.11447
Harding's Chimney,East Face > Sugarloaf > Sugarloaf Area > Highway 50 Corridor > Lake Tahoe > California,https://www.mountainproject.com/route/105920826/hardings-chimney,3.0,-1,Trad,5.7 R,3,435.0,38.77622,-120.30784
Rehab,Dear John Buttress > Lover's Leap > Highway 50 Corridor > Lake Tahoe > California,https://www.mountainproject.com/route/105735617/rehab,3.0,-1,Trad,5.11a,1,70.0,38.79911,-120.137
Mixed Emotions,Luther Spires - Main Area > Luther Spires > South Shore > Lake Tahoe > California,https://www.mountainproject.com/route/105736073/mixed-emotions,3.2,-1,Trad,5.10a,1,70.0,38.79979,-119.99979
Fandango,East Wall > Main Formation > Lover's Leap > Highway 50 Corridor > Lake Tahoe > California,https://www.mountainproject.com/route/106490102/fandango,3.1,-1,Trad,5.9,2,350.0,38.80261,-120.13204
Widow Maker,Widow Maker > Luther Spires > South Shore > Lake Tahoe > California,https://www.mountainproject.com/route/105736393/widow-maker,3.4,-1,Sport,5.10a,1,50.0,38.80073,-120.00039
Meat Lover Crack AKA Bat Crack,Old Camp Bluff > Silver Lake > Carson Pass Highway (88) > Lake Tahoe > California,https://www.mountainproject.com/route/112064367/meat-lover-crack-aka-bat-crack,3.5,-1,"Trad, TR",5.10b,1,60.0,38.66885,-120.13085
Proton,High Energy Wall > Cloudburst Canyon > Woodfords Canyon > Carson Pass Highway (88) > Lake Tahoe > California,https://www.mountainproject.com/route/109578245/proton,3.7,-1,Trad,5.11b,1,70.0,38.7622,-119.86184
Orange Wedge,2nd Tier > The Tiers > Cloudburst Canyon > Woodfords Canyon > Carson Pass Highway (88) > Lake Tahoe > California,https://www.mountainproject.com/route/108213266/orange-wedge,2.9,-1,Trad,5.10a,1,70.0,38.7618,-119.86175
Vanishing Point,West Wall > Main Formation > Lover's Leap > Highway 50 Corridor > Lake Tahoe > California,https://www.mountainproject.com/route/105875739/vanishing-point,3.7,-1,Trad,5.10c,5,485.0,38.7991,-120.1361
Sun Wall Left,8 - Sun Wall Area > The Fortress > Woodfords Canyon > Carson Pass Highway (88) > Lake Tahoe > California,https://www.mountainproject.com/route/106498592/sun-wall-left,3.8,-1,"Trad, TR",5.10+,1,,38.76947,-119.85197
Make That Move Right Now Baby,Sugarbun > Sugarloaf Area > Highway 50 Corridor > Lake Tahoe > California,https://www.mountainproject.com/route/105875529/make-that-move-right-now-baby,3.3,-1,Sport,5.10d,1,,38.77335,-120.31005
O.U.L.D.,4 - Second Alcove > The Fortress > Woodfords Canyon > Carson Pass Highway (88) > Lake Tahoe > California,https://www.mountainproject.com/route/106649239/ould,3.6,-1,Trad,5.10d,1,130.0,38.76946,-119.85281
Arrowhead,3 - Donnie G > The Fortress > Woodfords Canyon > Carson Pass Highway (88) > Lake Tahoe > California,https://www.mountainproject.com/route/106693372/arrowhead,3.5,-1,Trad,5.11a,1,80.0,38.76933,-119.85315
Jugs Revisited,Upper Spire > Phantom Spires > Highway 50 Corridor > Lake Tahoe > California,https://www.mountainproject.com/route/105862238/jugs-revisited,3.0,-1,Trad,5.9,2,,38.78867,-120.24518
The Gamoke,West Wall > Main Formation > Lover's Leap > Highway 50 Corridor > Lake Tahoe > California,https://www.mountainproject.com/route/105897467/the-gamoke,3.0,-1,Trad,5.10b,2,200.0,38.7991,-120.1361
April Fools,West Wall > Main Formation > Lover's Leap > Highway 50 Corridor > Lake Tahoe > California,https://www.mountainproject.com/route/105875719/april-fools,3.2,-1,Trad,5.9,1,,38.7991,-120.1361
Gimpy Old Men,6. Middle Aged Wall > The Pie Shop > South Shore > Lake Tahoe > California,https://www.mountainproject.com/route/112905600/gimpy-old-men,2.9,-1,"Sport, TR",5.10a,1,70.0,38.87894,-120.01327
Plane Crash,Luther Spires - Main Area > Luther Spires > South Shore > Lake Tahoe > California,https://www.mountainproject.com/route/106889893/plane-crash,2.9,-1,Sport,5.10a/b,1,60.0,38.79979,-119.99979
The Prow,Main Wall > Wrights Lake > Highway 50 Corridor > Lake Tahoe > California,https://www.mountainproject.com/route/105736094/the-prow,3.8,-1,"Trad, TR",5.10a R,1,130.0,38.86367,-120.21887
Flamethrower,Three Towers Wall > Big Chief Area > Truckee River Canyon > Lake Tahoe > California,https://www.mountainproject.com/route/105736025/flamethrower,3.1,-1,Sport,5.10d,1,115.0,39.24562,-120.20265
New Jersey Turnpike,Berkeley Camp Rocks > Echo Lakes > Echo Summit > Highway 50 Corridor > Lake Tahoe > California,https://www.mountainproject.com/route/107587653/new-jersey-turnpike,3.0,-1,Sport,5.11b,1,70.0,38.83003,-120.0368
Energizer,High Energy Wall > Cloudburst Canyon > Woodfords Canyon > Carson Pass Highway (88) > Lake Tahoe > California,https://www.mountainproject.com/route/109544781/energizer,3.1,-1,Trad,5.9+,1,110.0,38.7622,-119.86184
Surrealistic Direct Knob Variation,Lower Buttress > Lover's Leap > Highway 50 Corridor > Lake Tahoe > California,https://www.mountainproject.com/route/105798311/surrealistic-direct-knob-variation,3.0,-1,Trad,5.10b R,1,80.0,38.8003,-120.13695
Nirvana,West Wall > Main Formation > Lover's Leap > Highway 50 Corridor > Lake Tahoe > California,https://www.mountainproject.com/route/105987515/nirvana,3.4,-1,Sport,5.11+,2,160.0,38.7991,-120.1361
May Cause Drowsiness,South Wall > Big Chief Area > Truckee River Canyon > Lake Tahoe > California,https://www.mountainproject.com/route/105735803/may-cause-drowsiness,3.0,-1,Sport,5.10d,1,70.0,39.24416,-120.20261
I'm Cooler Than My Kids Think I Am,6. Middle Aged Wall > The Pie Shop > South Shore > Lake Tahoe > California,https://www.mountainproject.com/route/112905674/im-cooler-than-my-kids-think-i-am,2.9,-1,Sport,5.10b,1,50.0,38.87894,-120.01327
J'aime Bonpland,Calawee Cliffs > Bliss > West Shore > Lake Tahoe > California,https://www.mountainproject.com/route/110856769/jaime-bonpland,3.5,-1,"Trad, TR",5.7,1,110.0,38.99684,-120.0947
Absolutely Billy,Main Wall > Main Formation > Lover's Leap > Highway 50 Corridor > Lake Tahoe > California,https://www.mountainproject.com/route/105889320/absolutely-billy,3.2,-1,Trad,5.10a,1,100.0,38.80006,-120.13522
Off The Wall,Eagle Lake Cliff > Eagle Creek Canyon > West Shore > Lake Tahoe > California,https://www.mountainproject.com/route/105858490/off-the-wall,3.0,-1,Sport,5.10c,1,,38.93997,-120.12315
Velvet Gloves,Black Beauty Wall > Wrights Lake > Highway 50 Corridor > Lake Tahoe > California,https://www.mountainproject.com/route/105736097/velvet-gloves,3.4,-1,"Trad, TR",5.10b,1,70.0,38.8631,-120.21877
Methadone,Detox Wall > Luther Rock > South Shore > Lake Tahoe > California,https://www.mountainproject.com/route/105735746/methadone,2.9,-1,Sport,5.10a,1,90.0,38.80482,-120.00376
The Hand of God,2 - Wood Hood > The Fortress > Woodfords Canyon > Carson Pass Highway (88) > Lake Tahoe > California,https://www.mountainproject.com/route/108467441/the-hand-of-god,3.7,-1,Trad,5.11+,4,600.0,38.76953,-119.85358
Sun Wall Middle,8 - Sun Wall Area > The Fortress > Woodfords Canyon > Carson Pass Highway (88) > Lake Tahoe > California,https://www.mountainproject.com/route/106606918/sun-wall-middle,3.2,-1,Trad,5.10b,1,95.0,38.76947,-119.85197
TM's Deviation,West Face > Sugarloaf > Sugarloaf Area > Highway 50 Corridor > Lake Tahoe > California,https://www.mountainproject.com/route/105911338/tms-deviation,3.4,-1,Trad,5.9+,2,300.0,38.77639,-120.3085
North Face Route,Main Wall > Main Formation > Lover's Leap > Highway 50 Corridor > Lake Tahoe > California,https://www.mountainproject.com/route/105872297/north-face-route,3.4,-1,Trad,5.11a,4,500.0,38.80006,-120.13522
Freak Show,Main Wall > Main Formation > Lover's Leap > Highway 50 Corridor > Lake Tahoe > California,https://www.mountainproject.com/route/109780194/freak-show,3.7,-1,Trad,5.11c/d,1,50.0,38.80006,-120.13522
Beer Can Direct,Lower Buttress > Lover's Leap > Highway 50 Corridor > Lake Tahoe > California,https://www.mountainproject.com/route/108319038/beer-can-direct,3.0,-1,Sport,5.11a PG13,1,100.0,38.8003,-120.13695
Walking Jack,4 - Second Alcove > The Fortress > Woodfords Canyon > Carson Pass Highway (88) > Lake Tahoe > California,https://www.mountainproject.com/route/106363932/walking-jack,3.1,-1,Trad,5.10+,1,80.0,38.76946,-119.85281
Crystal Crescent,Nap Wall Area > Slick Rock Dome > Highway 50 Corridor > Lake Tahoe > California,https://www.mountainproject.com/route/111951621/crystal-crescent,3.8,-1,Sport,5.10a,1,100.0,38.88127,-120.28982
Pain Killer,South Wall > Big Chief Area > Truckee River Canyon > Lake Tahoe > California,https://www.mountainproject.com/route/107660158/pain-killer,3.1,-1,Sport,5.11a,1,,39.24416,-120.20261
Seven and Seven,Distillery Wall > Luther Rock > South Shore > Lake Tahoe > California,https://www.mountainproject.com/route/105735743/seven-and-seven,3.7,-1,Sport,5.11c/d,1,110.0,38.80522,-120.00333
Tri-tip Split Roast,Split Rock > Sugarloaf Area > Highway 50 Corridor > Lake Tahoe > California,https://www.mountainproject.com/route/108444950/tri-tip-split-roast,2.9,-1,Sport,5.9,1,150.0,38.77567,-120.30876
Lost and Found,The Green Tongue Area > Cloudburst Canyon > Woodfords Canyon > Carson Pass Highway (88) > Lake Tahoe > California,https://www.mountainproject.com/route/109349215/lost-and-found,3.0,-1,Trad,5.9,1,60.0,38.7607,-119.86163
Hillside Strangler,Strangler Cliff > Crystal Springs Canyon > Woodfords Canyon > Carson Pass Highway (88) > Lake Tahoe > California,https://www.mountainproject.com/route/107036882/hillside-strangler,3.5,-1,Trad,5.11b,1,35.0,38.764,-119.84873
Dragon's Back,Old Camp Bluff > Silver Lake > Carson Pass Highway (88) > Lake Tahoe > California,https://www.mountainproject.com/route/112201451/dragons-back,3.4,-1,"Sport, TR",5.11a/b,1,,38.66885,-120.13085
Jitters,The Arena > Deep Creek Crags > Truckee River Canyon > Lake Tahoe > California,https://www.mountainproject.com/route/108174463/jitters,3.5,-1,Sport,5.9,1,70.0,39.25901,-120.23213
All American Finger Crack,Emerald Point > Eagle Creek Canyon > West Shore > Lake Tahoe > California,https://www.mountainproject.com/route/108419563/all-american-finger-crack,3.8,-1,Trad,5.9,2,180.0,38.95473,-120.1228
Absolutely Brilliant,Main Wall > Main Formation > Lover's Leap > Highway 50 Corridor > Lake Tahoe > California,https://www.mountainproject.com/route/106903624/absolutely-brilliant,3.3,-1,Sport,5.11b,1,90.0,38.80006,-120.13522
"God of Thunder, Pitch 2",Dear John Buttress > Lover's Leap > Highway 50 Corridor > Lake Tahoe > California,https://www.mountainproject.com/route/108108036/god-of-thunder-pitch-2,3.7,-1,Trad,5.11c,1,80.0,38.79911,-120.137
Dan-O-Bolt,7 - Main Alcove > The Fortress > Woodfords Canyon > Carson Pass Highway (88) > Lake Tahoe > California,https://www.mountainproject.com/route/110076460/dan-o-bolt,3.9,-1,Trad,5.11a,1,60.0,38.77017,-119.85226
Endless Plight,The Box > Lover's Leap > Highway 50 Corridor > Lake Tahoe > California,https://www.mountainproject.com/route/113603787/endless-plight,3.7,-1,Trad,5.11b,1,60.0,38.79582,-120.14006
Night Stalker,Light Deprivation Buttress > Big Chief Area > Truckee River Canyon > Lake Tahoe > California,https://www.mountainproject.com/route/109010656/night-stalker,3.0,-1,Sport,5.11a,1,70.0,39.24013,-120.19339
Between Two Worlds,Whiskey Cliff/Eagle Creek Cliff > Eagle Creek Canyon > West Shore > Lake Tahoe > California,https://www.mountainproject.com/route/106481499/between-two-worlds,3.0,-1,Trad,5.10b,1,100.0,38.93889,-120.12469
Freaky-Styly,Green Wall Cliff > Elephant's Graveyard > Mokelumne Wilderness > Carson Pass Highway (88) > Lake Tahoe > California,https://www.mountainproject.com/route/113976686/freaky-styly,3.6,-1,Sport,5.10c,1,80.0,38.66922,-119.978
Shadow Dancer,Light Deprivation Buttress > Big Chief Area > Truckee River Canyon > Lake Tahoe > California,https://www.mountainproject.com/route/109010628/shadow-dancer,3.1,-1,Sport,5.11a,1,90.0,39.24013,-120.19339
The Man Who Fell to Earth,West Face > Sugarloaf > Sugarloaf Area > Highway 50 Corridor > Lake Tahoe > California,https://www.mountainproject.com/route/105736232/the-man-who-fell-to-earth,3.0,-1,"Trad, Sport, TR",5.11,1,80.0,38.77639,-120.3085
The Shagmaster,Boondocks Wall > Shirley Canyon Cliffs > Truckee River Canyon > Lake Tahoe > California,https://www.mountainproject.com/route/117759748/the-shagmaster,4.0,-1,Trad,5.11b,1,,39.20129,-120.2648
Pump Factory,9 - Far East > The Fortress > Woodfords Canyon > Carson Pass Highway (88) > Lake Tahoe > California,https://www.mountainproject.com/route/106420686/pump-factory,4.0,-1,Trad,5.11+,1,40.0,38.77074,-119.85133
Overkill,Left Side > Mayhem Cove > Eagle Creek Canyon > West Shore > Lake Tahoe > California,https://www.mountainproject.com/route/111760778/overkill,3.0,-1,Sport,5.11c,1,40.0,38.95326,-120.11439
Jackass,Luther Spires - Main Area > Luther Spires > South Shore > Lake Tahoe > California,https://www.mountainproject.com/route/105736064/jackass,3.0,-1,"Sport, TR",5.11c,1,60.0,38.79979,-119.99979
Quoia the Destroya,4 - Second Alcove > The Fortress > Woodfords Canyon > Carson Pass Highway (88) > Lake Tahoe > California,https://www.mountainproject.com/route/106608214/quoia-the-destroya,3.0,-1,Trad,5.9,1,80.0,38.76946,-119.85281
Orange Sunshine,Eagle Lake Buttress > Eagle Creek Canyon > West Shore > Lake Tahoe > California,https://www.mountainproject.com/route/105875958/orange-sunshine,3.2,-1,"Trad, Alpine",5.9,2,260.0,38.94693,-120.13266
Drain The Lake,Calawee Cliffs > Bliss > West Shore > Lake Tahoe > California,https://www.mountainproject.com/route/110856905/drain-the-lake,4.0,-1,"Trad, TR",5.10b,1,,38.99684,-120.0947
Fallen Spirits,Detox Wall > Luther Rock > South Shore > Lake Tahoe > California,https://www.mountainproject.com/route/105735023/fallen-spirits,3.5,-1,Sport,5.11c/d,1,50.0,38.80482,-120.00376
Arete Route,Upper Spire > Phantom Spires > Highway 50 Corridor > Lake Tahoe > California,https://www.mountainproject.com/route/107338583/arete-route,4.0,-1,Trad,5.11a PG13,2,230.0,38.78867,-120.24518
Dr. Jekyll and Mr. Hyde,Phantom Wall > Phantom Spires > Highway 50 Corridor > Lake Tahoe > California,https://www.mountainproject.com/route/110288913/dr-jekyll-and-mr-hyde,4.0,-1,Trad,5.11b,1,115.0,38.78648,-120.24198
With Draws,Detox Wall > Luther Rock > South Shore > Lake Tahoe > California,https://www.mountainproject.com/route/105735017/with-draws,3.1,-1,Sport,5.11a,1,40.0,38.80482,-120.00376
Kalumete Arete,Three Towers Wall > Big Chief Area > Truckee River Canyon > Lake Tahoe > California,https://www.mountainproject.com/route/105735545/kalumete-arete,3.2,-1,Sport,5.11a,1,120.0,39.24562,-120.20265
The Hand Crack,Cascade Cliff > West Shore > Lake Tahoe > California,https://www.mountainproject.com/route/115456393/the-hand-crack,4.0,-1,Trad,5.11-,1,50.0,38.9308,-120.11112
Stony Highway,Dear John Buttress > Lover's Leap > Highway 50 Corridor > Lake Tahoe > California,https://www.mountainproject.com/route/117661638/stony-highway,4.0,-1,Trad,5.11c,1,90.0,38.79911,-120.137
Fallen Hero,Central Wall > Main Formation > Lover's Leap > Highway 50 Corridor > Lake Tahoe > California,https://www.mountainproject.com/route/120888983/fallen-hero,4.0,-1,"Trad, TR",5.10d,2,180.0,38.8014,-120.13299
The Beak,Eagle Lake Cliff > Eagle Creek Canyon > West Shore > Lake Tahoe > California,https://www.mountainproject.com/route/110922848/the-beak,3.2,-1,Trad,5.10+,1,100.0,38.93997,-120.12315
Flying High Again,South Cave > Big Chief Area > Truckee River Canyon > Lake Tahoe > California,https://www.mountainproject.com/route/105735779/flying-high-again,3.3,-1,Sport,5.11b,1,50.0,39.24382,-120.20224
The Golden Eel,East Cliff > Lake Margaret > Carson Pass Highway (88) > Lake Tahoe > California,https://www.mountainproject.com/route/119477477/the-golden-eel,4.0,-1,Trad,5.11a,1,45.0,38.72278,-120.08532
Fat Merchant Crack,West Face > Sugarloaf > Sugarloaf Area > Highway 50 Corridor > Lake Tahoe > California,https://www.mountainproject.com/route/105922581/fat-merchant-crack,3.5,-1,Trad,5.10b X,2,,38.77639,-120.3085
Gold Digger,Gold (a.k.a. Upper Central ) Wall > Big Chief Area > Truckee River Canyon > Lake Tahoe > California,https://www.mountainproject.com/route/121435484/gold-digger,4.0,-1,Sport,5.11c,1,70.0,39.24454,-120.2027
Saruman's Ruffians,Shire Spire > Luther Spires > South Shore > Lake Tahoe > California,https://www.mountainproject.com/route/120206670/sarumans-ruffians,4.0,-1,TR,5.11b,1,65.0,38.80056,-120.00064
Standing Bear (var.),Trophy Wall > Shirley Canyon Cliffs > Truckee River Canyon > Lake Tahoe > California,https://www.mountainproject.com/route/119689770/standing-bear-var,4.0,-1,Trad,5.10c,1,70.0,39.20186,-120.26476
The Obscurist,Eagle Rock > Highway 50 Corridor > Lake Tahoe > California,https://www.mountainproject.com/route/110422023/the-obscurist,4.0,-1,Trad,5.11c PG13,3,400.0,38.76812,-120.26878
Exit Strategy,Homeland Security Wall > Sawtooth Ridge > Big Chief Area > Truckee River Canyon > Lake Tahoe > California,https://www.mountainproject.com/route/105736327/exit-strategy,4.0,-1,Sport,5.11c,1,90.0,39.25458,-120.18885
Telesis,East Face > Sugarloaf > Sugarloaf Area > Highway 50 Corridor > Lake Tahoe > California,https://www.mountainproject.com/route/106064039/telesis,3.2,-1,Sport,5.11b PG13,1,100.0,38.77622,-120.30784
Fear No Evil,East Wall > Main Formation > Lover's Leap > Highway 50 Corridor > Lake Tahoe > California,https://www.mountainproject.com/route/105857727/fear-no-evil,3.5,-1,Trad,5.9 R,4,,38.80261,-120.13204
Prosciutto,Hogwild > Hogsback > Lover's Leap > Highway 50 Corridor > Lake Tahoe > California,https://www.mountainproject.com/route/105994978/prosciutto,2.9,-1,Sport,5.10c,1,70.0,38.80235,-120.1392
Independence Wall,Crystal Wall Area > Slick Rock Dome > Highway 50 Corridor > Lake Tahoe > California,https://www.mountainproject.com/route/113259307/independence-wall,3.3,-1,Sport,5.8,2,200.0,38.8802,-120.2893
Crushed Velvet,East Face > Sugarloaf > Sugarloaf Area > Highway 50 Corridor > Lake Tahoe > California,https://www.mountainproject.com/route/108341502/crushed-velvet,3.1,-1,Trad,5.10c,1,160.0,38.77622,-120.30784
Blissful Banging,Calawee Cliffs > Bliss > West Shore > Lake Tahoe > California,https://www.mountainproject.com/route/110856730/blissful-banging,3.3,-1,"Trad, TR",5.9+,1,110.0,38.99684,-120.0947
"Oh, My My!",The Arena > Deep Creek Crags > Truckee River Canyon > Lake Tahoe > California,https://www.mountainproject.com/route/108228933/oh-my-my,3.5,-1,Sport,5.10d,1,85.0,39.25901,-120.23213
Head Rush,Three Towers Wall > Big Chief Area > Truckee River Canyon > Lake Tahoe > California,https://www.mountainproject.com/route/105735053/head-rush,3.2,-1,Sport,5.11a,1,90.0,39.24562,-120.20265
Ultraviolet,Spectrum Tower > Wrights Lake > Highway 50 Corridor > Lake Tahoe > California,https://www.mountainproject.com/route/113969427/ultraviolet,3.9,-1,"Trad, TR",5.11b,1,105.0,38.86322,-120.2187
Crystal Wall Route,Crystal Wall Area > Slick Rock Dome > Highway 50 Corridor > Lake Tahoe > California,https://www.mountainproject.com/route/111951103/crystal-wall-route,3.6,-1,Sport,5.9 R,2,300.0,38.8802,-120.2893
Kim's Warmup,Tinka Dome > Upper Bear River Reservoir > Carson Pass Highway (88) > Lake Tahoe > California,https://www.mountainproject.com/route/119335521/kims-warmup,3.8,-1,"Sport, TR",5.11a,1,90.0,38.58711,-120.21822
Turning Point,Lost John > Phantom Spires > Highway 50 Corridor > Lake Tahoe > California,https://www.mountainproject.com/route/106797737/turning-point,3.0,-1,Trad,5.10b,1,150.0,38.7892,-120.2461
Polish Princess,Tinka Dome > Upper Bear River Reservoir > Carson Pass Highway (88) > Lake Tahoe > California,https://www.mountainproject.com/route/119335394/polish-princess,3.4,-1,"Trad, TR",5.9,1,90.0,38.58711,-120.21822
Ice House Roof,Crystal Wall Area > Slick Rock Dome > Highway 50 Corridor > Lake Tahoe > California,https://www.mountainproject.com/route/111951204/ice-house-roof,3.1,-1,Sport,5.9,3,450.0,38.8802,-120.2893
Salt Water Flush,Berkeley Camp Rocks > Echo Lakes > Echo Summit > Highway 50 Corridor > Lake Tahoe > California,https://www.mountainproject.com/route/108135620/salt-water-flush,2.9,-1,Sport,5.10c,1,70.0,38.83003,-120.0368
Climb Like a Madman,The Arena > Deep Creek Crags > Truckee River Canyon > Lake Tahoe > California,https://www.mountainproject.com/route/108174448/climb-like-a-madman,3.4,-1,Sport,5.10b,1,70.0,39.25901,-120.23213
Eye of the Eagle,Whiskey Cliff/Eagle Creek Cliff > Eagle Creek Canyon > West Shore > Lake Tahoe > California,https://www.mountainproject.com/route/107288503/eye-of-the-eagle,3.5,-1,Trad,5.11a,1,60.0,38.93889,-120.12469
Loading Dose,Detox Wall > Luther Rock > South Shore > Lake Tahoe > California,https://www.mountainproject.com/route/105735020/loading-dose,3.3,-1,Sport,5.11a/b,1,50.0,38.80482,-120.00376
Dyno-SoreArms Rex,4. Dyno-SoreArms Rex > The Pie Shop > South Shore > Lake Tahoe > California,https://www.mountainproject.com/route/119729613/dyno-sorearms-rex,3.0,-1,Sport,5.8,1,45.0,38.87903,-120.01439
The Choad,3rd Tier > The Tiers > Cloudburst Canyon > Woodfords Canyon > Carson Pass Highway (88) > Lake Tahoe > California,https://www.mountainproject.com/route/109075738/the-choad,3.1,-1,Trad,5.10+,1,150.0,38.7614,-119.86179
THE MOHEL,Wood Cutters Wall > Crystal Springs Canyon > Woodfords Canyon > Carson Pass Highway (88) > Lake Tahoe > California,https://www.mountainproject.com/route/107692205/the-mohel,3.4,-1,Trad,5.10+,1,50.0,38.76284,-119.84888
Kangaroo,Flagpole Peak > Flagpole Peak Area > Echo Lakes > Echo Summit > Highway 50 Corridor > Lake Tahoe > California,https://www.mountainproject.com/route/105875867/kangaroo,3.6,-1,Trad,5.10b,3,270.0,38.84593,-120.05746
Skimmy,Pentathlete Wall > Sawtooth Ridge > Big Chief Area > Truckee River Canyon > Lake Tahoe > California,https://www.mountainproject.com/route/105736324/skimmy,2.9,-1,Sport,5.10b,1,70.0,39.25458,-120.18899
A Few Dollars More.,East Wall > Main Formation > Lover's Leap > Highway 50 Corridor > Lake Tahoe > California,https://www.mountainproject.com/route/109769121/a-few-dollars-more,3.7,-1,Trad,5.10+ X,3,400.0,38.80261,-120.13204
"Eagle Buttress, Right Side",Central Wall > Main Formation > Lover's Leap > Highway 50 Corridor > Lake Tahoe > California,https://www.mountainproject.com/route/107531001/eagle-buttress-right-side,3.1,-1,Trad,5.10a,5,600.0,38.8014,-120.13299
Sun and Steel,Old Peculiar > Echo Lakes > Echo Summit > Highway 50 Corridor > Lake Tahoe > California,https://www.mountainproject.com/route/105735587/sun-and-steel,3.7,-1,"Trad, Sport, TR",5.11c,1,50.0,38.84621,-120.06878
Long Arm of the Aug,3rd Tier > The Tiers > Cloudburst Canyon > Woodfords Canyon > Carson Pass Highway (88) > Lake Tahoe > California,https://www.mountainproject.com/route/108329961/long-arm-of-the-aug,3.1,-1,Trad,5.11a,1,115.0,38.7614,-119.86179
The A Bomb,Center Wall > Shirley Canyon Cliffs > Truckee River Canyon > Lake Tahoe > California,https://www.mountainproject.com/route/109166266/the-a-bomb,3.6,-1,Trad,5.10c,1,115.0,39.20152,-120.26465
North Country,Main Wall > Main Formation > Lover's Leap > Highway 50 Corridor > Lake Tahoe > California,https://www.mountainproject.com/route/106903690/north-country,3.4,-1,Trad,5.10,3,500.0,38.80006,-120.13522
Realm of the Overhang,South Cave > Big Chief Area > Truckee River Canyon > Lake Tahoe > California,https://www.mountainproject.com/route/105735782/realm-of-the-overhang,3.0,-1,Sport,5.11b,1,80.0,39.24382,-120.20224
Duracell,High Energy Wall > Cloudburst Canyon > Woodfords Canyon > Carson Pass Highway (88) > Lake Tahoe > California,https://www.mountainproject.com/route/117856804/duracell,3.4,-1,Trad,5.11b,1,115.0,38.7622,-119.86184
Main Line,West Wall > Main Formation > Lover's Leap > Highway 50 Corridor > Lake Tahoe > California,https://www.mountainproject.com/route/105926297/main-line,2.9,-1,Trad,5.11c,1,80.0,38.7991,-120.1361
Berkeley Berserker,Berkeley Camp Rocks > Echo Lakes > Echo Summit > Highway 50 Corridor > Lake Tahoe > California,https://www.mountainproject.com/route/117527128/berkeley-berserker,3.1,-1,Sport,5.11b,1,50.0,38.83003,-120.0368
The Hourglass,Central Wall > Main Formation > Lover's Leap > Highway 50 Corridor > Lake Tahoe > California,https://www.mountainproject.com/route/107690975/the-hourglass,3.4,-1,Trad,5.11a/b,4,475.0,38.8014,-120.13299
Trojan Bunny Rabbit,Camelot Castle > 3. Monty Python Castles > The Pie Shop > South Shore > Lake Tahoe > California,https://www.mountainproject.com/route/121449360/trojan-bunny-rabbit,3.1,-1,Sport,5.11a,1,45.0,38.87908,-120.01679
K.E. Cracks,Lower Spire > Phantom Spires > Highway 50 Corridor > Lake Tahoe > California,https://www.mountainproject.com/route/106594065/ke-cracks,3.4,-1,Sport,5.11b,1,80.0,38.7863,-120.2433
Flu,Berkeley Camp Rocks > Echo Lakes > Echo Summit > Highway 50 Corridor > Lake Tahoe > California,https://www.mountainproject.com/route/105927625/flu,3.1,-1,Sport,5.11c/d,1,75.0,38.83003,-120.0368
Rasputin,Cascade Cliff > West Shore > Lake Tahoe > California,https://www.mountainproject.com/route/110535411/rasputin,3.0,-1,Sport,5.10d,1,80.0,38.9308,-120.11112
Dragon Back,Main Wall > Main Formation > Lover's Leap > Highway 50 Corridor > Lake Tahoe > California,https://www.mountainproject.com/route/106903656/dragon-back,3.0,-1,Sport,5.10b,1,100.0,38.80006,-120.13522
Cartwheel,3rd Tier > The Tiers > Cloudburst Canyon > Woodfords Canyon > Carson Pass Highway (88) > Lake Tahoe > California,https://www.mountainproject.com/route/108213280/cartwheel,3.1,-1,Trad,5.10b,1,70.0,38.7614,-119.86179
Left Branch,Wood Cutters Wall > Crystal Springs Canyon > Woodfords Canyon > Carson Pass Highway (88) > Lake Tahoe > California,https://www.mountainproject.com/route/107137727/left-branch,3.1,-1,Trad,5.9,1,65.0,38.76284,-119.84888
Jam Session,Flagpole Peak > Flagpole Peak Area > Echo Lakes > Echo Summit > Highway 50 Corridor > Lake Tahoe > California,https://www.mountainproject.com/route/111247784/jam-session,3.4,-1,Trad,5.10a,2,350.0,38.84593,-120.05746
Numb Bunion,3rd Tier > The Tiers > Cloudburst Canyon > Woodfords Canyon > Carson Pass Highway (88) > Lake Tahoe > California,https://www.mountainproject.com/route/108213707/numb-bunion,3.2,-1,Trad,5.10c/d,1,70.0,38.7614,-119.86179
Regular Route,The Steeple > Crystal Springs Canyon > Woodfords Canyon > Carson Pass Highway (88) > Lake Tahoe > California,https://www.mountainproject.com/route/106806049/regular-route,3.3,-1,Trad,5.10a PG13,1,260.0,38.76514,-119.84812
Sun Wall Right,8 - Sun Wall Area > The Fortress > Woodfords Canyon > Carson Pass Highway (88) > Lake Tahoe > California,https://www.mountainproject.com/route/106519895/sun-wall-right,3.3,-1,Trad,5.9+,1,100.0,38.76947,-119.85197
Bar Fly,Distillery Wall > Luther Rock > South Shore > Lake Tahoe > California,https://www.mountainproject.com/route/105735764/bar-fly,3.4,-1,Sport,5.11c,1,100.0,38.80522,-120.00333
Bang,"""Low"" Energy Wall > Cloudburst Canyon > Woodfords Canyon > Carson Pass Highway (88) > Lake Tahoe > California",https://www.mountainproject.com/route/117368684/bang,3.1,-1,Sport,5.11c,1,50.0,38.76399,-119.86401
Ativan Grin,3rd Tier > The Tiers > Cloudburst Canyon > Woodfords Canyon > Carson Pass Highway (88) > Lake Tahoe > California,https://www.mountainproject.com/route/108210777/ativan-grin,2.8,-1,Trad,5.10b,1,112.0,38.7614,-119.86179
North Chasm Crack,Eagle Lake Cliff > Eagle Creek Canyon > West Shore > Lake Tahoe > California,https://www.mountainproject.com/route/114073517/north-chasm-crack,3.5,-1,"Trad, TR",5.11c,1,70.0,38.93997,-120.12315
Dirty Hairy,Shady Lady > Lover's Leap > Highway 50 Corridor > Lake Tahoe > California,https://www.mountainproject.com/route/117617845/dirty-hairy,3.5,-1,Trad,5.9,1,130.0,38.79902,-120.13638
Shock and Awe,Terrorist Wall > Sawtooth Ridge > Big Chief Area > Truckee River Canyon > Lake Tahoe > California,https://www.mountainproject.com/route/119647779/shock-and-awe,3.5,-1,Sport,5.10c,1,70.0,39.25453,-120.18867
Sugar Daddy,West Face > Sugarloaf > Sugarloaf Area > Highway 50 Corridor > Lake Tahoe > California,https://www.mountainproject.com/route/108984053/sugar-daddy,3.5,-1,Sport,5.11c,2,,38.77639,-120.3085
Sulphur,Eagle Rock > Highway 50 Corridor > Lake Tahoe > California,https://www.mountainproject.com/route/110418840/sulphur,3.5,-1,Trad,5.11c,1,50.0,38.76812,-120.26878
Unknown,Berkeley Camp Rocks > Echo Lakes > Echo Summit > Highway 50 Corridor > Lake Tahoe > California,https://www.mountainproject.com/route/112061280/unknown,2.9,-1,Sport,5.10a/b,1,50.0,38.83003,-120.0368
Under Cooked,The Oven > Big Chief Area > Truckee River Canyon > Lake Tahoe > California,https://www.mountainproject.com/route/106376254/under-cooked,3.0,-1,Sport,5.11b,1,70.0,39.24643,-120.20263
Desperado (Roof Variation),Upper Spire > Phantom Spires > Highway 50 Corridor > Lake Tahoe > California,https://www.mountainproject.com/route/106434407/desperado-roof-variation,3.0,-1,Trad,5.10b,2,160.0,38.78867,-120.24518
Ragnarok,Ragnarok Dome > 31 Milestone Tract > Highway 50 Corridor > Lake Tahoe > California,https://www.mountainproject.com/route/108309375/ragnarok,3.1,-1,Trad,5.10a/b,1,90.0,38.7666,-120.3234
King Diamond,One Of These Days Buttress > Cloudburst Canyon > Woodfords Canyon > Carson Pass Highway (88) > Lake Tahoe > California,https://www.mountainproject.com/route/109154987/king-diamond,3.2,-1,Trad,5.11b PG13,1,80.0,38.76132,-119.86108
Roofer Madness,Central Wall > Main Formation > Lover's Leap > Highway 50 Corridor > Lake Tahoe > California,https://www.mountainproject.com/route/105875504/roofer-madness,3.1,-1,Trad,5.10c,5,550.0,38.8014,-120.13299
Inside/Out,2 - Wood Hood > The Fortress > Woodfords Canyon > Carson Pass Highway (88) > Lake Tahoe > California,https://www.mountainproject.com/route/106620907/insideout,3.1,-1,Trad,5.10a PG13,2,140.0,38.76953,-119.85358
Burning Toes,Honeycomb Wall > Big Chief Area > Truckee River Canyon > Lake Tahoe > California,https://www.mountainproject.com/route/106487400/burning-toes,2.9,-1,Sport,5.10b,1,60.0,39.24428,-120.20265
A Florida Man...,Right Side > Mayhem Cove > Eagle Creek Canyon > West Shore > Lake Tahoe > California,https://www.mountainproject.com/route/121007429/a-florida-man,3.0,-1,Sport,5.11b,1,100.0,38.9535,-120.11447
Big Chief ArÃªte,Three Towers Wall > Big Chief Area > Truckee River Canyon > Lake Tahoe > California,https://www.mountainproject.com/route/117403239/big-chief-arete,3.3,-1,Sport,5.11a,1,125.0,39.24562,-120.20265
Virginia,Shire Spire > Luther Spires > South Shore > Lake Tahoe > California,https://www.mountainproject.com/route/110559535/virginia,3.0,-1,"Trad, TR",5.10b,1,50.0,38.80056,-120.00064
Flight of the Centurion,Nap Wall Area > Slick Rock Dome > Highway 50 Corridor > Lake Tahoe > California,https://www.mountainproject.com/route/111951650/flight-of-the-centurion,3.1,-1,Trad,5.8,1,100.0,38.88127,-120.28982
Under My Skin,Nap Wall Area > Slick Rock Dome > Highway 50 Corridor > Lake Tahoe > California,https://www.mountainproject.com/route/111951727/under-my-skin,3.3,-1,Sport,5.7+,2,200.0,38.88127,-120.28982
101 Dalmations,Holiday Rock > Phantom Spires > Highway 50 Corridor > Lake Tahoe > California,https://www.mountainproject.com/route/105909155/101-dalmations,3.3,-1,Trad,5.10c,1,,38.7882,-120.2407
Crystal Chute,Crystal Wall Area > Slick Rock Dome > Highway 50 Corridor > Lake Tahoe > California,https://www.mountainproject.com/route/111951164/crystal-chute,3.2,-1,Trad,5.8 PG13,2,450.0,38.8802,-120.2893
Under The Big Top,Main Wall > Main Formation > Lover's Leap > Highway 50 Corridor > Lake Tahoe > California,https://www.mountainproject.com/route/109780301/under-the-big-top,3.3,-1,Trad,5.10d,2,180.0,38.80006,-120.13522
Crystal Blue Persuasion,Crystal Wall Area > Slick Rock Dome > Highway 50 Corridor > Lake Tahoe > California,https://www.mountainproject.com/route/111951131/crystal-blue-persuasion,3.3,-1,Sport,5.7 R,2,400.0,38.8802,-120.2893
End of the Line,East Wall > Main Formation > Lover's Leap > Highway 50 Corridor > Lake Tahoe > California,https://www.mountainproject.com/route/109769052/end-of-the-line,3.0,-1,Trad,5.10c PG13,1,100.0,38.80261,-120.13204
Third Stone From The Sun,West Wall > Main Formation > Lover's Leap > Highway 50 Corridor > Lake Tahoe > California,https://www.mountainproject.com/route/105875735/third-stone-from-the-sun,3.2,-1,Trad,5.11a,5,485.0,38.7991,-120.1361
Ice House Roof Direct,Crystal Wall Area > Slick Rock Dome > Highway 50 Corridor > Lake Tahoe > California,https://www.mountainproject.com/route/111951225/ice-house-roof-direct,3.3,-1,Sport,5.10a,1,100.0,38.8802,-120.2893
Cabin Fever,Upper Spire > Phantom Spires > Highway 50 Corridor > Lake Tahoe > California,https://www.mountainproject.com/route/112175442/cabin-fever,3.2,-1,Sport,5.11,1,60.0,38.78867,-120.24518
Malice in Chains,Left Side > Mayhem Cove > Eagle Creek Canyon > West Shore > Lake Tahoe > California,https://www.mountainproject.com/route/106860790/malice-in-chains,3.0,-1,Sport,5.11c,1,60.0,38.95326,-120.11439
Black Pyre,Lower Buttress > Lover's Leap > Highway 50 Corridor > Lake Tahoe > California,https://www.mountainproject.com/route/105872262/black-pyre,3.0,-1,Trad,5.11b/c,1,115.0,38.8003,-120.13695
Just Face It,4 - Second Alcove > The Fortress > Woodfords Canyon > Carson Pass Highway (88) > Lake Tahoe > California,https://www.mountainproject.com/route/107165917/just-face-it,3.3,-1,Trad,5.11a,1,80.0,38.76946,-119.85281
Bad Perception,Whiskey Cliff/Eagle Creek Cliff > Eagle Creek Canyon > West Shore > Lake Tahoe > California,https://www.mountainproject.com/route/106481504/bad-perception,3.0,-1,Trad,5.10b/c,1,100.0,38.93889,-120.12469
Ears to You,4 - Second Alcove > The Fortress > Woodfords Canyon > Carson Pass Highway (88) > Lake Tahoe > California,https://www.mountainproject.com/route/106742714/ears-to-you,3.4,-1,Trad,5.11,1,80.0,38.76946,-119.85281
Climb it like you stole it,Emigrant Wall > Silver Lake > Carson Pass Highway (88) > Lake Tahoe > California,https://www.mountainproject.com/route/119352208/climb-it-like-you-stole-it,3.0,-1,Trad,5.8,3,300.0,38.66764,-120.14898
Eeyore's Ecstacy,Main Wall > Main Formation > Lover's Leap > Highway 50 Corridor > Lake Tahoe > California,https://www.mountainproject.com/route/117672980/eeyores-ecstacy,3.1,-1,Trad,5.7,4,500.0,38.80006,-120.13522
Slick Slice of Slab,Slick Rock Slab > Slick Rock Dome > Highway 50 Corridor > Lake Tahoe > California,https://www.mountainproject.com/route/113321707/slick-slice-of-slab,3.0,-1,Sport,5.9,1,110.0,38.879,-120.28853
Burnt Offerings,Upper Spire > Phantom Spires > Highway 50 Corridor > Lake Tahoe > California,https://www.mountainproject.com/route/105929303/burnt-offerings,2.9,-1,Trad,5.10d,1,75.0,38.78867,-120.24518
Flying Circus/ Fireworks combo,East Wall > Main Formation > Lover's Leap > Highway 50 Corridor > Lake Tahoe > California,https://www.mountainproject.com/route/114003640/flying-circus-fireworks-combo,3.0,-1,Trad,5.10a,3,400.0,38.80261,-120.13204
Chocolate Mousse,Main Wall (Right) > 7. Main Wall > The Pie Shop > South Shore > Lake Tahoe > California,https://www.mountainproject.com/route/114479461/chocolate-mousse,3.0,-1,Sport,5.7,1,105.0,38.8795,-120.01249
Easy Rider,Tinka Dome > Upper Bear River Reservoir > Carson Pass Highway (88) > Lake Tahoe > California,https://www.mountainproject.com/route/119335304/easy-rider,2.9,-1,"Trad, TR",5.8,1,105.0,38.58711,-120.21822
Robert's Crack,Upper Spire > Phantom Spires > Highway 50 Corridor > Lake Tahoe > California,https://www.mountainproject.com/route/105875706/roberts-crack,3.0,-1,Trad,5.10d,1,100.0,38.78867,-120.24518
More Affliction,Crystal Wall Area > Slick Rock Dome > Highway 50 Corridor > Lake Tahoe > California,https://www.mountainproject.com/route/111951177/more-affliction,3.0,-1,Trad,5.10a PG13,3,450.0,38.8802,-120.2893
The Podium,West Face > Sugarloaf > Sugarloaf Area > Highway 50 Corridor > Lake Tahoe > California,https://www.mountainproject.com/route/108983764/the-podium,3.0,-1,Trad,5.9 R,2,,38.77639,-120.3085
Magic Book,Blind Man's Bluff > Echo Lakes > Echo Summit > Highway 50 Corridor > Lake Tahoe > California,https://www.mountainproject.com/route/105857903/magic-book,3.1,-1,Trad,5.8,1,,38.84626,-120.06185
The Pumpkin,True Value Crag > Markleeville Area > Lake Tahoe > California,https://www.mountainproject.com/route/106765734/the-pumpkin,3.0,-1,Sport,5.11b,1,60.0,38.63789,-119.72262
That Rabbit's Dynamite,Castle Arrruuuuuuuugggh > 3. Monty Python Castles > The Pie Shop > South Shore > Lake Tahoe > California,https://www.mountainproject.com/route/121455820/that-rabbits-dynamite,3.0,-1,Sport,5.10b,1,90.0,38.87931,-120.0164
Cross Town Traffic,Main Wall > Main Formation > Lover's Leap > Highway 50 Corridor > Lake Tahoe > California,https://www.mountainproject.com/route/109780320/cross-town-traffic,3.0,-1,Trad,5.11a,1,160.0,38.80006,-120.13522
Five Finger Discount,Emigrant Wall > Silver Lake > Carson Pass Highway (88) > Lake Tahoe > California,https://www.mountainproject.com/route/119566158/five-finger-discount,3.0,-1,Sport,5.7,3,400.0,38.66764,-120.14898
Dead Tree Direct,West Wall > Main Formation > Lover's Leap > Highway 50 Corridor > Lake Tahoe > California,https://www.mountainproject.com/route/105925963/dead-tree-direct,3.0,-1,Trad,5.7,1,215.0,38.7991,-120.1361
Phantom of the Opera,Armadillo > Phantom Spires > Highway 50 Corridor > Lake Tahoe > California,https://www.mountainproject.com/route/105909174/phantom-of-the-opera,3.0,-1,Trad,5.10b R,1,,38.78552,-120.24644
"Light, Cam, Action",Emigrant Wall > Silver Lake > Carson Pass Highway (88) > Lake Tahoe > California,https://www.mountainproject.com/route/119426987/light-cam-action,2.9,-1,Sport,5.7,2,300.0,38.66764,-120.14898
The Guillotine Direct,Right Side > Mayhem Cove > Eagle Creek Canyon > West Shore > Lake Tahoe > California,https://www.mountainproject.com/route/117303182/the-guillotine-direct,3.0,-1,Sport,5.11a,1,80.0,38.9535,-120.11447
Off Width Out You,Deadwood Wall > Deadwood Crags > Woodfords Canyon > Carson Pass Highway (88) > Lake Tahoe > California,https://www.mountainproject.com/route/107021036/off-width-out-you,2.9,-1,Trad,5.9,1,80.0,38.77462,-119.83466
Shrapnel,Guntower Wall North > Meyers Area > South Shore > Lake Tahoe > California,https://www.mountainproject.com/route/117604399/shrapnel,3.0,-1,Sport,5.9,1,195.0,38.84483,-120.04562
Lady Bug,West Wall > Main Formation > Lover's Leap > Highway 50 Corridor > Lake Tahoe > California,https://www.mountainproject.com/route/107630474/lady-bug,3.0,-1,Trad,5.7,3,250.0,38.7991,-120.1361
Expresso,West Face > Sugarloaf > Sugarloaf Area > Highway 50 Corridor > Lake Tahoe > California,https://www.mountainproject.com/route/108848406/expresso,3.0,-1,Sport,5.11a,1,60.0,38.77639,-120.3085
Original Route,Shire Spire > Luther Spires > South Shore > Lake Tahoe > California,https://www.mountainproject.com/route/110559505/original-route,2.8,-1,"Trad, TR",5.11b,1,80.0,38.80056,-120.00064
Undertaker,Widow Maker > Luther Spires > South Shore > Lake Tahoe > California,https://www.mountainproject.com/route/113649689/undertaker,3.0,-1,Trad,5.10b,1,80.0,38.80073,-120.00039
Blanche Serviettes,Center Wall > Shirley Canyon Cliffs > Truckee River Canyon > Lake Tahoe > California,https://www.mountainproject.com/route/109137814/blanche-serviettes,3.0,-1,Sport,5.10b,1,90.0,39.20152,-120.26465
Slippy Liam,West Face > Sugarloaf > Sugarloaf Area > Highway 50 Corridor > Lake Tahoe > California,https://www.mountainproject.com/route/108983920/slippy-liam,3.0,-1,Sport,5.11+,1,100.0,38.77639,-120.3085
Char Broiled,Upper Spire > Phantom Spires > Highway 50 Corridor > Lake Tahoe > California,https://www.mountainproject.com/route/108264262/char-broiled,3.0,-1,Trad,5.10d PG13,1,60.0,38.78867,-120.24518
The Bloodiest,Paintbrush Cliff > Murals > Woodfords Canyon > Carson Pass Highway (88) > Lake Tahoe > California,https://www.mountainproject.com/route/118095131/the-bloodiest,3.0,-1,"Trad, TR",5.10a,1,60.0,38.77539,-119.87525
Center Wall Corner,Twin Crags > Truckee River Canyon > Lake Tahoe > California,https://www.mountainproject.com/route/120055888/center-wall-corner,3.0,-1,Trad,5.9,1,50.0,39.16649,-120.16138
Gripinator,Main Wall (Right) > 7. Main Wall > The Pie Shop > South Shore > Lake Tahoe > California,https://www.mountainproject.com/route/114479521/gripinator,3.0,-1,Trad,5.10c,2,300.0,38.8795,-120.01249
Talking The Seam,Green Wall Cliff > Elephant's Graveyard > Mokelumne Wilderness > Carson Pass Highway (88) > Lake Tahoe > California,https://www.mountainproject.com/route/119601564/talking-the-seam,3.0,-1,Sport,5.11a/b,1,80.0,38.66922,-119.978
Urethra,Nap Wall Area > Slick Rock Dome > Highway 50 Corridor > Lake Tahoe > California,https://www.mountainproject.com/route/111951736/urethra,3.0,-1,Sport,5.8,2,250.0,38.88127,-120.28982
LedZep Arrette,Lost Cabin Crag > Woodfords Canyon > Carson Pass Highway (88) > Lake Tahoe > California,https://www.mountainproject.com/route/107170563/ledzep-arrette,3.0,-1,Sport,5.11b,1,45.0,38.76611,-119.86735
Threat Level Orange,Homeland Security Wall > Sawtooth Ridge > Big Chief Area > Truckee River Canyon > Lake Tahoe > California,https://www.mountainproject.com/route/111479794/threat-level-orange,3.0,-1,Sport,5.10d,1,,39.25458,-120.18885
Dancing Feet,North Face > Hogsback > Lover's Leap > Highway 50 Corridor > Lake Tahoe > California,https://www.mountainproject.com/route/105927703/dancing-feet,3.0,-1,Trad,5.10d R,3,,38.80513,-120.13557
Pyramid,Blind Man's Bluff > Echo Lakes > Echo Summit > Highway 50 Corridor > Lake Tahoe > California,https://www.mountainproject.com/route/105858841/pyramid,3.0,-1,Trad,5.10,1,,38.84626,-120.06185
"Eagle Buttress, Left",Central Wall > Main Formation > Lover's Leap > Highway 50 Corridor > Lake Tahoe > California,https://www.mountainproject.com/route/105934095/eagle-buttress-left,2.8,-1,Trad,5.8,5,600.0,38.8014,-120.13299
Friction Affliction,Crystal Wall Area > Slick Rock Dome > Highway 50 Corridor > Lake Tahoe > California,https://www.mountainproject.com/route/111951192/friction-affliction,2.8,-1,Trad,5.7 PG13,3,450.0,38.8802,-120.2893
Orange Book,Eagle Lake Buttress > Eagle Creek Canyon > West Shore > Lake Tahoe > California,https://www.mountainproject.com/route/105875954/orange-book,2.8,-1,"Trad, Alpine",5.8,4,,38.94693,-120.13266
Lounge Lizard,Lizard Head > Phantom Spires > Highway 50 Corridor > Lake Tahoe > California,https://www.mountainproject.com/route/111721718/lounge-lizard,2.8,-1,Trad,5.10c,1,40.0,38.7903,-120.2439
Five Reliable Sisters,Cracker Cliff > Apron Crags > Woodfords Canyon > Carson Pass Highway (88) > Lake Tahoe > California,https://www.mountainproject.com/route/108043197/five-reliable-sisters,3.0,-1,Trad,5.10a,1,50.0,38.77899,-119.87873
Bear Witness,Meyers Multipitch > Meyers Area > South Shore > Lake Tahoe > California,https://www.mountainproject.com/route/119387139/bear-witness,3.0,-1,Sport,5.11a,2,200.0,38.84175,-120.04551
Power Surge,High Energy Wall > Cloudburst Canyon > Woodfords Canyon > Carson Pass Highway (88) > Lake Tahoe > California,https://www.mountainproject.com/route/119559388/power-surge,3.0,-1,Trad,5.11c,1,50.0,38.7622,-119.86184
Cal Trans Wall Mystery Route#1,Cal Trans Wall > Meyers Area > South Shore > Lake Tahoe > California,https://www.mountainproject.com/route/119671728/cal-trans-wall-mystery-route1,3.0,-1,Sport,5.9-,1,140.0,38.84262,-120.04386
Serenity Now,7 - Main Alcove > The Fortress > Woodfords Canyon > Carson Pass Highway (88) > Lake Tahoe > California,https://www.mountainproject.com/route/116500830/serenity-now,3.0,-1,Trad,5.10,2,160.0,38.77017,-119.85226
Shut Yer Pie Hole,Main Wall (Right) > 7. Main Wall > The Pie Shop > South Shore > Lake Tahoe > California,https://www.mountainproject.com/route/114479573/shut-yer-pie-hole,3.0,-1,"Sport, TR",5.10c,1,80.0,38.8795,-120.01249
I sat on a sharpie,Main Wall (Right) > 7. Main Wall > The Pie Shop > South Shore > Lake Tahoe > California,https://www.mountainproject.com/route/119387697/i-sat-on-a-sharpie,3.0,-1,Sport,5.11b,2,130.0,38.8795,-120.01249
Meyers 2 Step,Slab O' Meyers > Meyers Area > South Shore > Lake Tahoe > California,https://www.mountainproject.com/route/113602956/meyers-2-step,3.0,-1,"Sport, TR",5.9,1,,38.84084,-120.04556
Smooth as a Hotdog,Old Camp Bluff > Silver Lake > Carson Pass Highway (88) > Lake Tahoe > California,https://www.mountainproject.com/route/112201598/smooth-as-a-hotdog,3.0,-1,TR,5.10a,1,,38.66885,-120.13085
"""Not So Direct""",Indian Rock > West Shore > Lake Tahoe > California,https://www.mountainproject.com/route/107209281/not-so-direct,3.0,-1,"Trad, Aid",5.9 A3,10,1100.0,38.86971,-120.07834
Nahual,Phantom Wall > Phantom Spires > Highway 50 Corridor > Lake Tahoe > California,https://www.mountainproject.com/route/119177655/nahual,3.0,-1,"Sport, TR",5.11c,1,70.0,38.78648,-120.24198
Unnamed,Twin Owls > Phantom Spires > Highway 50 Corridor > Lake Tahoe > California,https://www.mountainproject.com/route/120214810/unnamed,3.0,-1,Sport,5.11a,1,30.0,38.789,-120.2426
Gloria's Climb,Trick Or Treat Wall > Deep Creek Crags > Truckee River Canyon > Lake Tahoe > California,https://www.mountainproject.com/route/109565765/glorias-climb,3.0,-1,Sport,5.7,1,85.0,39.2591,-120.23396
Showtime,East Wall > Main Formation > Lover's Leap > Highway 50 Corridor > Lake Tahoe > California,https://www.mountainproject.com/route/109769081/showtime,3.0,-1,Trad,5.11+ R,3,400.0,38.80261,-120.13204
Philo Beddo,Center Wall > Shirley Canyon Cliffs > Truckee River Canyon > Lake Tahoe > California,https://www.mountainproject.com/route/109137846/philo-beddo,3.0,-1,Sport,5.10b,1,100.0,39.20152,-120.26465
Blaster,True Value Crag > Markleeville Area > Lake Tahoe > California,https://www.mountainproject.com/route/106765672/blaster,3.0,-1,Sport,5.11+,1,40.0,38.63789,-119.72262
The Essence of Gelfling,Golden Eagle Buttress > Woodfords Canyon > Carson Pass Highway (88) > Lake Tahoe > California,https://www.mountainproject.com/route/106638373/the-essence-of-gelfling,3.0,-1,Trad,5.10a/b PG13,1,220.0,38.77234,-119.84764
Twilight's Last Gleaming,Trick Or Treat Wall > Deep Creek Crags > Truckee River Canyon > Lake Tahoe > California,https://www.mountainproject.com/route/109566619/twilights-last-gleaming,3.0,-1,Trad,5.11,3,180.0,39.2591,-120.23396
Trial By Fire,The Scone > Sugarloaf Area > Highway 50 Corridor > Lake Tahoe > California,https://www.mountainproject.com/route/108542463/trial-by-fire,3.3,-1,Sport,5.10c,1,,38.77547,-120.30866
Roof Bravado,Crystal Wall > Deadwood Crags > Woodfords Canyon > Carson Pass Highway (88) > Lake Tahoe > California,https://www.mountainproject.com/route/107793102/roof-bravado,3.0,-1,Trad,5.10+,1,80.0,38.77473,-119.83596
Needle Crack,Eagle Lake Buttress > Eagle Creek Canyon > West Shore > Lake Tahoe > California,https://www.mountainproject.com/route/119054499/needle-crack,3.0,-1,"Trad, TR, Alpine",5.9,1,40.0,38.94693,-120.13266
Sideline Story,Paintbrush Cliff > Murals > Woodfords Canyon > Carson Pass Highway (88) > Lake Tahoe > California,https://www.mountainproject.com/route/118095149/sideline-story,2.8,-1,"Trad, TR",5.9,1,45.0,38.77539,-119.87525
Honky toast (A.K.A. Jersey pork roll),Hogwild > Hogsback > Lover's Leap > Highway 50 Corridor > Lake Tahoe > California,https://www.mountainproject.com/route/119302963/honky-toast-aka-jersey-pork-roll,3.0,-1,Trad,5.11b,2,250.0,38.80235,-120.1392
"The Perch, Left",Eagle Lake Cliff > Eagle Creek Canyon > West Shore > Lake Tahoe > California,https://www.mountainproject.com/route/122553996/the-perch-left,3.0,-1,Trad,5.10d,1,50.0,38.93997,-120.12315
Rough and Ready,Echo Edge > Echo Lakes > Echo Summit > Highway 50 Corridor > Lake Tahoe > California,https://www.mountainproject.com/route/118995002/rough-and-ready,3.0,-1,"Trad, TR",5.8,1,40.0,38.83691,-120.04771
Direct Cruise,6. Middle Aged Wall > The Pie Shop > South Shore > Lake Tahoe > California,https://www.mountainproject.com/route/120066418/direct-cruise,2.8,-1,TR,5.10d,1,60.0,38.87894,-120.01327
Carabiner Crack,6 - Liebacks Area > The Fortress > Woodfords Canyon > Carson Pass Highway (88) > Lake Tahoe > California,https://www.mountainproject.com/route/114359227/carabiner-crack,3.0,-1,Trad,5.10c R,1,60.0,38.76935,-119.85229
Drug Crazed,Dear John Buttress > Lover's Leap > Highway 50 Corridor > Lake Tahoe > California,https://www.mountainproject.com/route/117661555/drug-crazed,3.0,-1,Trad,5.11c,1,90.0,38.79911,-120.137
I'd Rather Just Sing,Swamp Castle > 3. Monty Python Castles > The Pie Shop > South Shore > Lake Tahoe > California,https://www.mountainproject.com/route/121458528/id-rather-just-sing,3.0,-1,Sport,5.8,1,30.0,38.87961,-120.01477
The Raven,Eagle Rock > West Shore > Lake Tahoe > California,https://www.mountainproject.com/route/119444908/the-raven,3.0,-1,"Trad, TR",5.11b/c PG13,1,50.0,39.10869,-120.16151
Waiting for Summer,6.5 - Winter Prime Area > The Fortress > Woodfords Canyon > Carson Pass Highway (88) > Lake Tahoe > California,https://www.mountainproject.com/route/116681090/waiting-for-summer,3.0,-1,Trad,5.9,1,60.0,38.76944,-119.85202
The Trueverse,True Value Crag > Markleeville Area > Lake Tahoe > California,https://www.mountainproject.com/route/111678229/the-trueverse,3.0,-1,Trad,5.10,1,150.0,38.63789,-119.72262
Unnamed,Tahoe Mountain Road > South Shore > Lake Tahoe > California,https://www.mountainproject.com/route/118871293/unnamed,3.0,-1,Sport,5.11+ R,1,30.0,38.88817,-120.03301
Dragon Fly,Eagle's Nest > Eagle Creek Canyon > West Shore > Lake Tahoe > California,https://www.mountainproject.com/route/121015906/dragon-fly,3.0,-1,Trad,5.10b,1,60.0,38.94417,-120.13159
Pan Dulce,West Face > Sugarloaf > Sugarloaf Area > Highway 50 Corridor > Lake Tahoe > California,https://www.mountainproject.com/route/108984028/pan-dulce,3.3,-1,Trad,5.10c,4,,38.77639,-120.3085
Unknown 5.9,Eagle Rock > Highway 50 Corridor > Lake Tahoe > California,https://www.mountainproject.com/route/110418866/unknown-59,3.0,-1,Trad,5.9,1,100.0,38.76812,-120.26878
Finders Keepers,Phantom Wall > Phantom Spires > Highway 50 Corridor > Lake Tahoe > California,https://www.mountainproject.com/route/115404058/finders-keepers,3.0,-1,Trad,5.11b PG13,1,100.0,38.78648,-120.24198
The Deviate,East Wall > Main Formation > Lover's Leap > Highway 50 Corridor > Lake Tahoe > California,https://www.mountainproject.com/route/109775549/the-deviate,3.0,-1,Trad,5.9 R,2,300.0,38.80261,-120.13204
Natural High,Main Wall (Right) > 7. Main Wall > The Pie Shop > South Shore > Lake Tahoe > California,https://www.mountainproject.com/route/114479603/natural-high,3.0,-1,Trad,5.11c,1,60.0,38.8795,-120.01249
Triple Decker,Black Beauty Wall > Wrights Lake > Highway 50 Corridor > Lake Tahoe > California,https://www.mountainproject.com/route/113969677/triple-decker,3.0,-1,Trad,5.11c,1,75.0,38.8631,-120.21877
Snow Flake Left,October Wall > Slick Rock Dome > Highway 50 Corridor > Lake Tahoe > California,https://www.mountainproject.com/route/111951809/snow-flake-left,3.0,-1,"Sport, TR",5.9,1,50.0,38.88234,-120.2905
Unknown,Mushroom Boulder > Ice House Boulders > Highway 50 Corridor > Lake Tahoe > California,https://www.mountainproject.com/route/111779144/unknown,3.0,-1,"TR, Boulder",5.11+ V5+,1,35.0,38.88044,-120.36571
SYN,Jager Dome > 31 Milestone Tract > Highway 50 Corridor > Lake Tahoe > California,https://www.mountainproject.com/route/108313590/syn,3.0,-1,Trad,5.10a,1,50.0,38.7666,-120.3233
Iliac,Nap Wall Area > Slick Rock Dome > Highway 50 Corridor > Lake Tahoe > California,https://www.mountainproject.com/route/111951718/iliac,3.0,-1,Trad,5.9,1,200.0,38.88127,-120.28982
Deep Crack Nine,Tier 2 (Lower Tier) > Maiden's Grave > Carson Pass Highway (88) > Lake Tahoe > California,https://www.mountainproject.com/route/122647164/deep-crack-nine,3.0,-1,Trad,5.8,1,30.0,38.63505,-120.17514
Contemplate,Mini Bun > Sugarloaf Area > Highway 50 Corridor > Lake Tahoe > California,https://www.mountainproject.com/route/108800007/contemplate,3.0,-1,Sport,5.10+,1,60.0,38.78,-120.30785
Anvil of the Sun,Looney Tunes > Loon Lake > Highway 50 Corridor > Lake Tahoe > California,https://www.mountainproject.com/route/107443853/anvil-of-the-sun,3.0,-1,Trad,5.10c,2,150.0,38.9706,-120.3238
Carhartt Crack,9 - Far East > The Fortress > Woodfords Canyon > Carson Pass Highway (88) > Lake Tahoe > California,https://www.mountainproject.com/route/106420725/carhartt-crack,3.0,-1,Trad,5.9 R,1,110.0,38.77074,-119.85133
Walk Like an Egyptian,Main Wall (Left) > 7. Main Wall > The Pie Shop > South Shore > Lake Tahoe > California,https://www.mountainproject.com/route/105937813/walk-like-an-egyptian,3.0,-1,Trad,5.11c,1,,38.87941,-120.01295
Rage for Order,Gold Finger Area > Echo Lakes > Echo Summit > Highway 50 Corridor > Lake Tahoe > California,https://www.mountainproject.com/route/105867072/rage-for-order,3.0,-1,Sport,5.11b,1,,38.84791,-120.06683
Beer Belly,The Stomach > Eagle Creek Canyon > West Shore > Lake Tahoe > California,https://www.mountainproject.com/route/105861645/beer-belly,3.0,-1,Trad,5.10a,1,,38.95277,-120.11789
Fight Fire with Fire,Mid Dome > Echo Lakes > Echo Summit > Highway 50 Corridor > Lake Tahoe > California,https://www.mountainproject.com/route/105856394/fight-fire-with-fire,3.7,-1,Sport,5.11a,1,,38.84337,-120.05629
Testament,Gold Finger Area > Echo Lakes > Echo Summit > Highway 50 Corridor > Lake Tahoe > California,https://www.mountainproject.com/route/105867077/testament,3.0,-1,Sport,5.11c,1,,38.84791,-120.06683
White Corner,Looney Tunes > Loon Lake > Highway 50 Corridor > Lake Tahoe > California,https://www.mountainproject.com/route/107443858/white-corner,3.0,-1,Trad,5.7,1,,38.9706,-120.3238
Electra,Phantom Wall > Phantom Spires > Highway 50 Corridor > Lake Tahoe > California,https://www.mountainproject.com/route/106593996/electra,3.0,-1,"Trad, Sport",5.11c,1,,38.78648,-120.24198
West Corner,The Steeple > Crystal Springs Canyon > Woodfords Canyon > Carson Pass Highway (88) > Lake Tahoe > California,https://www.mountainproject.com/route/106810515/west-corner,3.0,-1,Trad,5.10d PG13,1,320.0,38.76514,-119.84812
The Sail,The Steeple > Crystal Springs Canyon > Woodfords Canyon > Carson Pass Highway (88) > Lake Tahoe > California,https://www.mountainproject.com/route/106808038/the-sail,3.0,-1,Trad,5.10c PG13,1,115.0,38.76514,-119.84812
The East Face of The Steeple,The Steeple > Crystal Springs Canyon > Woodfords Canyon > Carson Pass Highway (88) > Lake Tahoe > California,https://www.mountainproject.com/route/106819085/the-east-face-of-the-steeple,3.0,-1,Trad,5.10d R,1,320.0,38.76514,-119.84812
Country Boy,Mid Dome > Echo Lakes > Echo Summit > Highway 50 Corridor > Lake Tahoe > California,https://www.mountainproject.com/route/105862499/country-boy,3.5,-1,Trad,5.10d,1,,38.84337,-120.05629
Snake Charmer,Blind Man's Bluff > Echo Lakes > Echo Summit > Highway 50 Corridor > Lake Tahoe > California,https://www.mountainproject.com/route/105858866/snake-charmer,3.0,-1,Trad,5.11c,1,,38.84626,-120.06185
McHammer,Mid Dome > Echo Lakes > Echo Summit > Highway 50 Corridor > Lake Tahoe > California,https://www.mountainproject.com/route/105863668/mchammer,3.0,-1,Trad,5.11b R,1,,38.84337,-120.05629
Smooth Criminal,Bandit Buttress > Deadwood Crags > Woodfords Canyon > Carson Pass Highway (88) > Lake Tahoe > California,https://www.mountainproject.com/route/111797930/smooth-criminal,2.9,-1,"Trad, TR",5.11- PG13,1,60.0,38.77333,-119.83518
Jammin' for Jehova',2 - Wood Hood > The Fortress > Woodfords Canyon > Carson Pass Highway (88) > Lake Tahoe > California,https://www.mountainproject.com/route/106736681/jammin-for-jehova,3.0,-1,Trad,5.10b/c,1,110.0,38.76953,-119.85358
Monkey Business,Eagle Lake Buttress > Eagle Creek Canyon > West Shore > Lake Tahoe > California,https://www.mountainproject.com/route/105967701/monkey-business,3.0,-1,"Trad, Alpine",5.10a,2,,38.94693,-120.13266
[Redacted],Mid Dome > Echo Lakes > Echo Summit > Highway 50 Corridor > Lake Tahoe > California,https://www.mountainproject.com/route/105863320/redacted,3.0,-1,Sport,5.11c,1,,38.84337,-120.05629
No Pocket for Old Men,Old Camp Bluff > Silver Lake > Carson Pass Highway (88) > Lake Tahoe > California,https://www.mountainproject.com/route/112201375/no-pocket-for-old-men,3.0,-1,"Trad, TR",5.11,1,45.0,38.66885,-120.13085
Delivering the Goods,Right Side > Mayhem Cove > Eagle Creek Canyon > West Shore > Lake Tahoe > California,https://www.mountainproject.com/route/124448774/delivering-the-goods,3.5,-1,Sport,5.10a,1,90.0,38.9535,-120.11447
Dismembers Only,Left Side > Mayhem Cove > Eagle Creek Canyon > West Shore > Lake Tahoe > California,https://www.mountainproject.com/route/124722538/dismembers-only,2.8,-1,Sport,5.10c,1,60.0,38.95326,-120.11439
Bat Cracks,Main Wall > Wrights Lake > Highway 50 Corridor > Lake Tahoe > California,https://www.mountainproject.com/route/125285706/bat-cracks,3.0,-1,"Trad, TR",5.10c,1,100.0,38.86367,-120.21887
Spud Crack,Main Wall > Wrights Lake > Highway 50 Corridor > Lake Tahoe > California,https://www.mountainproject.com/route/124681806/spud-crack,3.0,-1,Trad,5.10d,1,139.0,38.86367,-120.21887
The Mantelpiece,Main Wall > Wrights Lake > Highway 50 Corridor > Lake Tahoe > California,https://www.mountainproject.com/route/124853079/the-mantelpiece,3.0,-1,Sport,5.10d,1,40.0,38.86367,-120.21887
? Super fun sport route,Midway Rock > Phantom Spires > Highway 50 Corridor > Lake Tahoe > California,https://www.mountainproject.com/route/126126659/super-fun-sport-route,3.0,-1,"Sport, TR",5.11a,1,70.0,38.78714,-120.24433
Axis of Evil,Homeland Security Wall > Sawtooth Ridge > Big Chief Area > Truckee River Canyon > Lake Tahoe > California,https://www.mountainproject.com/route/124569684/axis-of-evil,3.0,-1,Sport,5.11b,1,85.0,39.25458,-120.18885
Psycho Jr.,Right Side > Mayhem Cove > Eagle Creek Canyon > West Shore > Lake Tahoe > California,https://www.mountainproject.com/route/124996310/psycho-jr,3.0,-1,Sport,5.11b,1,60.0,38.9535,-120.11447
Den Leader,Girl Scout Wall > Meeks Bay Trail > West Shore > Lake Tahoe > California,https://www.mountainproject.com/route/124854315/den-leader,3.0,-1,Sport,5.11b/c,1,45.0,39.01877,-120.14783
