Route,Location,URL,"Avg Stars","Your Stars","Route Type",Rating,Pitches,Length,"Area Latitude","Area Longitude"
"Monkey Off My Back","(s) Monkey Face > Smith Rock > Central Oregon > Oregon",https://www.mountainproject.com/route/106811013/monkey-off-my-back,3.8,-1,Sport,5.8+,1,,44.37053,-121.14363
"Gold Rush","The Main Wall > Trout Creek > Central Oregon > Oregon",https://www.mountainproject.com/route/106505501/gold-rush,3.9,-1,Trad,5.10-,1,70,44.80197,-121.10859
Zion,"(g) Morning Glory Wall > Smith Rock > Central Oregon > Oregon",https://www.mountainproject.com/route/105790290/zion,3.7,-1,Trad,5.10a/b,4,350,44.36716,-121.14353
"Pioneer Route","(s) Monkey Face > Smith Rock > Central Oregon > Oregon",https://www.mountainproject.com/route/105791058/pioneer-route,3.5,-1,"Trad, Sport, Aid","5.7 C0",5,250,44.37053,-121.14363
"Moons of Pluto","(q) Mesa Verde Wall > Smith Rock > Central Oregon > Oregon",https://www.mountainproject.com/route/105803003/moons-of-pluto,3.8,-1,Sport,5.10d,1,95,44.36866,-121.14442
"Wartley's Revenge","Christian Brothers - East Side > (l) Christian Brothers > Smith Rock > Central Oregon > Oregon",https://www.mountainproject.com/route/105803545/wartleys-revenge,3.8,-1,Trad,5.11a,3,250,44.36598,-121.14688
"Last Chance","(3) Catwalk Cliff > West Side > (z) Lower Gorge > Smith Rock > Central Oregon > Oregon",https://www.mountainproject.com/route/105809722/last-chance,3.9,-1,Trad,5.10c,1,90,44.36733,-121.13065
"The Space Between","The Main Wall > Trout Creek > Central Oregon > Oregon",https://www.mountainproject.com/route/106520615/the-space-between,3.9,-1,Trad,5.10+,1,80,44.80197,-121.10859
"Pure Palm","(2) Wildfire Wall > West Side > (z) Lower Gorge > Smith Rock > Central Oregon > Oregon",https://www.mountainproject.com/route/105803570/pure-palm,3.8,-1,Sport,5.11a,1,80,44.36798,-121.13081
"Vomit Launch","(f) Cocaine Gully > Smith Rock > Central Oregon > Oregon",https://www.mountainproject.com/route/105789348/vomit-launch,3.8,-1,Sport,5.11b,1,,44.36719,-121.14307
Wondertwins,"The Main Wall > Trout Creek > Central Oregon > Oregon",https://www.mountainproject.com/route/106551868/wondertwins,3.8,-1,Trad,5.10,1,70,44.80197,-121.10859
"Bad Finger","(2) Wildfire Wall > West Side > (z) Lower Gorge > Smith Rock > Central Oregon > Oregon",https://www.mountainproject.com/route/105804599/bad-finger,3.8,-1,Trad,5.10b,1,,44.36798,-121.13081
"Monkey Space","(s) Monkey Face > Smith Rock > Central Oregon > Oregon",https://www.mountainproject.com/route/105791523/monkey-space,3.6,-1,Sport,5.11b,2,100,44.37053,-121.14363
"JR Token","The Main Wall > Trout Creek > Central Oregon > Oregon",https://www.mountainproject.com/route/106505506/jr-token,3.7,-1,Trad,5.10,1,65,44.80197,-121.10859
Bloodshot,"(f) Cocaine Gully > Smith Rock > Central Oregon > Oregon",https://www.mountainproject.com/route/106382806/bloodshot,3.7,-1,Sport,5.11c,1,90,44.36719,-121.14307
Toxic,"(d) Aggro Gully > Smith Rock > Central Oregon > Oregon",https://www.mountainproject.com/route/105789298/toxic,3.6,-1,Sport,5.11b,1,50,44.36724,-121.14238
"Mr. Squiggles","The Main Wall > Trout Creek > Central Oregon > Oregon",https://www.mountainproject.com/route/106569405/mr-squiggles,3.7,-1,Trad,5.10b/c,1,,44.80197,-121.10859
"West Face Variation","(s) Monkey Face > Smith Rock > Central Oregon > Oregon",https://www.mountainproject.com/route/105792553/west-face-variation,3.6,-1,"Trad, Aid","5.8 C0",5,300,44.37053,-121.14363
"Cruel Sister","(3) Catwalk Cliff > West Side > (z) Lower Gorge > Smith Rock > Central Oregon > Oregon",https://www.mountainproject.com/route/105791785/cruel-sister,3.7,-1,Trad,5.10a,1,80,44.36733,-121.13065
Moondance,"(k) The Dihedrals > Smith Rock > Central Oregon > Oregon",https://www.mountainproject.com/route/106143405/moondance,3.6,-1,Sport,5.11c,1,,44.3665,-121.14564
"Moonshine Dihedral","(k) The Dihedrals > Smith Rock > Central Oregon > Oregon",https://www.mountainproject.com/route/105790283/moonshine-dihedral,3.6,-1,Trad,5.9,2,90,44.3665,-121.14564
"Wherever I May Roam","(6) Northwest Face > (m) Smith Rock Group > Smith Rock > Central Oregon > Oregon",https://www.mountainproject.com/route/105821077/wherever-i-may-roam,3.3,-1,Sport,5.9,5,400,44.36445,-121.1482
"Dirty Pinkos","(u) Red Wall > Smith Rock > Central Oregon > Oregon",https://www.mountainproject.com/route/108347741/dirty-pinkos,3.5,-1,Sport,5.9+,4,,44.3696,-121.13916
"Voyage of the Cowdog","(a) Picnic Lunch Wall > Smith Rock > Central Oregon > Oregon",https://www.mountainproject.com/route/106673268/voyage-of-the-cowdog,3.3,-1,Sport,5.8+,3,260,44.36818,-121.1401
"On The Road","(2) Wildfire Wall > West Side > (z) Lower Gorge > Smith Rock > Central Oregon > Oregon",https://www.mountainproject.com/route/105810605/on-the-road,3.9,-1,Trad,5.11a,1,80,44.36798,-121.13081
"Holier Than Thou","Christian Brothers - West Side > (l) Christian Brothers > Smith Rock > Central Oregon > Oregon",https://www.mountainproject.com/route/105815098/holier-than-thou,3.6,-1,Sport,5.11b,1,80,44.36601,-121.14688
Spiderman,"(p) Spiderman Buttress > Smith Rock > Central Oregon > Oregon",https://www.mountainproject.com/route/105793920/spiderman,3.4,-1,Trad,5.7,2,180,44.36777,-121.14507
Suzuki,"The Main Wall > Trout Creek > Central Oregon > Oregon",https://www.mountainproject.com/route/106569417/suzuki,3.6,-1,Trad,5.10+,1,,44.80197,-121.10859
"Gulag Archipelago","(u) Red Wall > Smith Rock > Central Oregon > Oregon",https://www.mountainproject.com/route/106513445/gulag-archipelago,3.6,-1,Sport,5.11+,4,380,44.3696,-121.13916
"Kunza Korner","(5) Southern Tip > (m) Smith Rock Group > Smith Rock > Central Oregon > Oregon",https://www.mountainproject.com/route/105806885/kunza-korner,3.6,-1,Trad,5.10c,1,85,44.35937,-121.15037
"Delirium Tremens","Delirium Tremens > (w) The Marsupials > Smith Rock > Central Oregon > Oregon",https://www.mountainproject.com/route/105804903/delirium-tremens,3.7,-1,Trad,5.10a/b,1,,44.36726,-121.12615
"Magic Light Start","(g) Morning Glory Wall > Smith Rock > Central Oregon > Oregon",https://www.mountainproject.com/route/110457319/magic-light-start,3.5,-1,Sport,5.11a,1,,44.36716,-121.14353
Trezlar,"(q) Mesa Verde Wall > Smith Rock > Central Oregon > Oregon",https://www.mountainproject.com/route/105801753/trezlar,3.5,-1,Trad,5.10a,2,200,44.36866,-121.14442
"Screaming Yellow Zonkers","(q) Mesa Verde Wall > Smith Rock > Central Oregon > Oregon",https://www.mountainproject.com/route/105803440/screaming-yellow-zonkers,3.5,-1,Sport,5.10b,1,85,44.36866,-121.14442
"Nine Gallon Buckets","(g) Morning Glory Wall > Smith Rock > Central Oregon > Oregon",https://www.mountainproject.com/route/105800412/nine-gallon-buckets,3.5,-1,Sport,5.10c,2,90,44.36716,-121.14353
"West Face Variation Direct","(s) Monkey Face > Smith Rock > Central Oregon > Oregon",https://www.mountainproject.com/route/107304319/west-face-variation-direct,3.4,-1,Trad,5.8,2,,44.37053,-121.14363
"Headless Horseman","(i) The Fourth Horseman > Smith Rock > Central Oregon > Oregon",https://www.mountainproject.com/route/105790444/headless-horseman,3.5,-1,Sport,5.10d,1,80,44.36691,-121.14492
"American Nirvana","(2) Llama Wall > (m) Smith Rock Group > Smith Rock > Central Oregon > Oregon",https://www.mountainproject.com/route/107841877/american-nirvana,3.5,-1,Sport,5.11c,1,110,44.36418,-121.14694
"Blood Clot","(3) Catwalk Cliff > West Side > (z) Lower Gorge > Smith Rock > Central Oregon > Oregon",https://www.mountainproject.com/route/105809717/blood-clot,3.5,-1,Trad,5.10b,1,90,44.36733,-121.13065
"Bad Moon Rising","(q) Mesa Verde Wall > Smith Rock > Central Oregon > Oregon",https://www.mountainproject.com/route/105803451/bad-moon-rising,3.4,-1,Sport,5.11a,1,90,44.36866,-121.14442
"5 Gallon Buckets","(g) Morning Glory Wall > Smith Rock > Central Oregon > Oregon",https://www.mountainproject.com/route/105789060/5-gallon-buckets,3.2,-1,Sport,5.8,1,60,44.36716,-121.14353
"Lively Up Yourself","The Northern End > Trout Creek > Central Oregon > Oregon",https://www.mountainproject.com/route/106652221/lively-up-yourself,3.4,-1,Trad,5.10-,1,65,44.803,-121.10752
Wildfire,"(2) Wildfire Wall > West Side > (z) Lower Gorge > Smith Rock > Central Oregon > Oregon",https://www.mountainproject.com/route/105810334/wildfire,3.4,-1,Trad,5.10b,1,80,44.36798,-121.13081
"Fish N' Chips","Shipwreck Wall - East Face > (c) Shipwreck Wall > Smith Rock > Central Oregon > Oregon",https://www.mountainproject.com/route/106678821/fish-n-chips,3.4,-1,Sport,5.10c,1,70,44.36708,-121.14198
Pouches,"North Face > Brogan Spire > (w) The Marsupials > Smith Rock > Central Oregon > Oregon",https://www.mountainproject.com/route/106657784/pouches,3.4,-1,Sport,5.11c,1,70,44.36805,-121.12411
Phantasmagoria,"(u) Red Wall > Smith Rock > Central Oregon > Oregon",https://www.mountainproject.com/route/106807953/phantasmagoria,3.4,-1,Sport,5.10c,1,100,44.3696,-121.13916
"First Kiss","(t) Kiss of the Lepers Buttress > Smith Rock > Central Oregon > Oregon",https://www.mountainproject.com/route/105852652/first-kiss,3.2,-1,Sport,5.7,5,450,44.37209,-121.14276
Overboard,"(g) Morning Glory Wall > Smith Rock > Central Oregon > Oregon",https://www.mountainproject.com/route/105789934/overboard,3.3,-1,Sport,5.11c,1,,44.36716,-121.14353
"Talkin' It Clean","The Northern End > Trout Creek > Central Oregon > Oregon",https://www.mountainproject.com/route/107134388/talkin-it-clean,3.3,-1,Trad,5.10-,1,60,44.803,-121.10752
"Woman In The Meadow","Left Side > Northern Point > (yy) Basalt Rimrock > Smith Rock > Central Oregon > Oregon",https://www.mountainproject.com/route/106404789/woman-in-the-meadow,3.3,-1,Sport,5.11a,1,35,44.37254,-121.13443
Orgasmophoria,"(u) Red Wall > Smith Rock > Central Oregon > Oregon",https://www.mountainproject.com/route/105812149/orgasmophoria,3.3,-1,Sport,5.10b,1,120,44.3696,-121.13916
Blackened,"(2) Llama Wall > (m) Smith Rock Group > Smith Rock > Central Oregon > Oregon",https://www.mountainproject.com/route/105820868/blackened,3.3,-1,Sport,5.11c/d,1,70,44.36418,-121.14694
"Chouinard's Crack (1st Half Pitch of Peking)","(u) Red Wall > Smith Rock > Central Oregon > Oregon",https://www.mountainproject.com/route/106633246/chouinards-crack-1st-half-pitch-of-peking,3.2,-1,"Trad, TR",5.9-,1,50,44.3696,-121.13916
"Thin Air","Koala Rock > (w) The Marsupials > Smith Rock > Central Oregon > Oregon",https://www.mountainproject.com/route/105802279/thin-air,3.2,-1,Trad,5.10a,3,200,44.36947,-121.12462
"Lightly Toasted","(2) Llama Wall > (m) Smith Rock Group > Smith Rock > Central Oregon > Oregon",https://www.mountainproject.com/route/112040975/lightly-toasted,3.2,-1,Sport,5.11b,1,,44.36418,-121.14694
"Sunset Slab","(7) Flounder and Cod Rock > (m) Smith Rock Group > Smith Rock > Central Oregon > Oregon",https://www.mountainproject.com/route/105820884/sunset-slab,3.2,-1,Sport,5.9,1,75,44.36266,-121.14949
"Buffalo Power","Koala Rock > (w) The Marsupials > Smith Rock > Central Oregon > Oregon",https://www.mountainproject.com/route/105802275/buffalo-power,3.2,-1,Sport,5.10c,1,75,44.36947,-121.12462
"JT's Route","(3) Phoenix > (m) Smith Rock Group > Smith Rock > Central Oregon > Oregon",https://www.mountainproject.com/route/105812559/jts-route,3.2,-1,Sport,5.10b,1,80,44.36399,-121.14633
Gruff,"(2) Wildfire Wall > West Side > (z) Lower Gorge > Smith Rock > Central Oregon > Oregon",https://www.mountainproject.com/route/105803718/gruff,3.2,-1,Trad,5.10a,1,75,44.36798,-121.13081
Cornercopia,"(2) Wildfire Wall > West Side > (z) Lower Gorge > Smith Rock > Central Oregon > Oregon",https://www.mountainproject.com/route/105820960/cornercopia,3.2,-1,Trad,5.10b,1,,44.36798,-121.13081
"Entering Relativity","(2) Llama Wall > (m) Smith Rock Group > Smith Rock > Central Oregon > Oregon",https://www.mountainproject.com/route/107283574/entering-relativity,3.1,-1,Sport,5.10d,1,100,44.36418,-121.14694
"Tuesday’s Gone","The Monument Base Area > (7) The Monument > (v) Monument Area > Smith Rock > Central Oregon > Oregon",https://www.mountainproject.com/route/117940677/tuesdays-gone,3.4,-1,Sport,5.11a,1,90,44.37611,-121.13503
"Cry Baby","(k) The Dihedrals > Smith Rock > Central Oregon > Oregon",https://www.mountainproject.com/route/105802285/cry-baby,3.1,-1,Sport,5.8+,1,180,44.3665,-121.14564
"Lion's Jaw","(g) Morning Glory Wall > Smith Rock > Central Oregon > Oregon",https://www.mountainproject.com/route/105820721/lions-jaw,3.1,-1,Trad,5.8,1,80,44.36716,-121.14353
"Lost in Space","(1) Northeast Face > (m) Smith Rock Group > Smith Rock > Central Oregon > Oregon",https://www.mountainproject.com/route/106782760/lost-in-space,3.0,-1,Sport,5.10b/c,4,400,44.36442,-121.14739
Heresy,"Christian Brothers - East Side > (l) Christian Brothers > Smith Rock > Central Oregon > Oregon",https://www.mountainproject.com/route/105793956/heresy,3.1,-1,Sport,5.11c,1,40,44.36598,-121.14688
"Sky Ridge","(1) Northeast Face > (m) Smith Rock Group > Smith Rock > Central Oregon > Oregon",https://www.mountainproject.com/route/105826816/sky-ridge,3.1,-1,Trad,"5.8 R",3,200,44.36442,-121.14739
"Karate Crack","(k) The Dihedrals > Smith Rock > Central Oregon > Oregon",https://www.mountainproject.com/route/105790613/karate-crack,3.0,-1,Trad,5.10a,1,60,44.3665,-121.14564
Quasar,"(3) Catwalk Cliff > West Side > (z) Lower Gorge > Smith Rock > Central Oregon > Oregon",https://www.mountainproject.com/route/105889245/quasar,3.1,-1,Trad,5.10b,1,75,44.36733,-121.13065
"Phone Call From Satan","(e) Western Ship - River Face > Smith Rock > Central Oregon > Oregon",https://www.mountainproject.com/route/105803921/phone-call-from-satan,3.1,-1,Sport,5.9,1,95,44.367,-121.14277
"Rim Job","(2) Wildfire Wall > West Side > (z) Lower Gorge > Smith Rock > Central Oregon > Oregon",https://www.mountainproject.com/route/105810640/rim-job,3.1,-1,Trad,5.10b,1,80,44.36798,-121.13081
"Barbecue The Pope","Christian Brothers - East Side > (l) Christian Brothers > Smith Rock > Central Oregon > Oregon",https://www.mountainproject.com/route/105818791/barbecue-the-pope,3.0,-1,Sport,5.10b/c,1,80,44.36598,-121.14688
"Lets Face It","(u) Red Wall > Smith Rock > Central Oregon > Oregon",https://www.mountainproject.com/route/105821090/lets-face-it,3.1,-1,Sport,5.10b,1,,44.3696,-121.13916
"Calamity Jam","(i) The Fourth Horseman > Smith Rock > Central Oregon > Oregon",https://www.mountainproject.com/route/105801917/calamity-jam,3.6,-1,Trad,5.10c,1,90,44.36691,-121.14492
"Out of Harm's Way","(p) Spiderman Buttress > Smith Rock > Central Oregon > Oregon",https://www.mountainproject.com/route/106063725/out-of-harms-way,3.0,-1,"Trad, Sport",5.8,1,90,44.36777,-121.14507
Phoenix,"(3) Phoenix > (m) Smith Rock Group > Smith Rock > Central Oregon > Oregon",https://www.mountainproject.com/route/105790327/phoenix,3.0,-1,Sport,5.10a,1,90,44.36399,-121.14633
"Blue Light Special","Shipwreck Wall - East Face > (c) Shipwreck Wall > Smith Rock > Central Oregon > Oregon",https://www.mountainproject.com/route/105789316/blue-light-special,3.0,-1,Sport,5.11b,1,,44.36708,-121.14198
Blasphemy,"Christian Brothers - East Side > (l) Christian Brothers > Smith Rock > Central Oregon > Oregon",https://www.mountainproject.com/route/105814533/blasphemy,3.0,-1,Sport,5.11a,1,70,44.36598,-121.14688
"White Satin","(1) Northeast Face > (m) Smith Rock Group > Smith Rock > Central Oregon > Oregon",https://www.mountainproject.com/route/105803948/white-satin,3.0,-1,Trad,5.9,3,250,44.36442,-121.14739
"The Struggle Within (Start)","(2) Llama Wall > (m) Smith Rock Group > Smith Rock > Central Oregon > Oregon",https://www.mountainproject.com/route/111761521/the-struggle-within-start,3.0,-1,Sport,5.11a,1,90,44.36418,-121.14694
"Usual Suspects","The Northern End > Trout Creek > Central Oregon > Oregon",https://www.mountainproject.com/route/106904349/usual-suspects,3.1,-1,Trad,5.8+,1,75,44.803,-121.10752
"The Outsiders","(g) Morning Glory Wall > Smith Rock > Central Oregon > Oregon",https://www.mountainproject.com/route/105820726/the-outsiders,3.0,-1,Sport,5.9,1,80,44.36716,-121.14353
"John Galt Line","(i) The Fourth Horseman > Smith Rock > Central Oregon > Oregon",https://www.mountainproject.com/route/105820362/john-galt-line,3.0,-1,Sport,5.11b,1,90,44.36691,-121.14492
"Morning Sky","(g) Morning Glory Wall > Smith Rock > Central Oregon > Oregon",https://www.mountainproject.com/route/105800402/morning-sky,3.0,-1,Sport,5.10+,1,90,44.36716,-121.14353
"Light on the Path","(g) Morning Glory Wall > Smith Rock > Central Oregon > Oregon",https://www.mountainproject.com/route/105789064/light-on-the-path,2.9,-1,Sport,5.10a,1,60,44.36716,-121.14353
"Pack Animal Direct","(i) The Fourth Horseman > Smith Rock > Central Oregon > Oregon",https://www.mountainproject.com/route/105790945/pack-animal-direct,3.0,-1,Trad,5.10b,1,40,44.36691,-121.14492
"Birds in a Rut","The Wombat > (w) The Marsupials > Smith Rock > Central Oregon > Oregon",https://www.mountainproject.com/route/107341167/birds-in-a-rut,2.9,-1,Trad,5.7,5,,44.3711,-121.12285
"Imposter Complex","The Monument Base Area > (7) The Monument > (v) Monument Area > Smith Rock > Central Oregon > Oregon",https://www.mountainproject.com/route/117375810/imposter-complex,3.0,-1,Sport,5.10b,1,85,44.37611,-121.13503
"Hand Job","(3) Hand Job Wall > East Side > (z) Lower Gorge > Smith Rock > Central Oregon > Oregon",https://www.mountainproject.com/route/105810613/hand-job,3.3,-1,Trad,5.10b,1,80,44.36774,-121.12995
"Time Step","The Monument Base Area > (7) The Monument > (v) Monument Area > Smith Rock > Central Oregon > Oregon",https://www.mountainproject.com/route/117558093/time-step,3.0,-1,Sport,5.10b,1,65,44.37611,-121.13503
"Double Trouble","Christian Brothers - East Side > (l) Christian Brothers > Smith Rock > Central Oregon > Oregon",https://www.mountainproject.com/route/105793960/double-trouble,2.9,-1,Sport,5.10b,1,60,44.36598,-121.14688
"Llama Enlightenment","(2) Llama Wall > (m) Smith Rock Group > Smith Rock > Central Oregon > Oregon",https://www.mountainproject.com/route/105820873/llama-enlightenment,2.9,-1,Sport,5.10c,1,85,44.36418,-121.14694
Rebirth,"(k) The Dihedrals > Smith Rock > Central Oregon > Oregon",https://www.mountainproject.com/route/109341339/rebirth,2.8,-1,Sport,5.8,1,,44.3665,-121.14564
"More Sandy than Kevin","Shipwreck Wall - East Face > (c) Shipwreck Wall > Smith Rock > Central Oregon > Oregon",https://www.mountainproject.com/route/105790430/more-sandy-than-kevin,2.9,-1,Sport,5.11a,1,,44.36708,-121.14198
"Teddy Bear's Picnic","(a) Picnic Lunch Wall > Smith Rock > Central Oregon > Oregon",https://www.mountainproject.com/route/105806895/teddy-bears-picnic,2.9,-1,Sport,5.10b,3,270,44.36818,-121.1401
"Massive Luxury Overdose (aka Planet Luxury)","(q) Mesa Verde Wall > Smith Rock > Central Oregon > Oregon",https://www.mountainproject.com/route/105808221/massive-luxury-overdose-aka-planet-luxury,2.9,-1,Sport,5.10c,1,80,44.36866,-121.14442
"Caffeine Free","(e) Western Ship - River Face > Smith Rock > Central Oregon > Oregon",https://www.mountainproject.com/route/105803971/caffeine-free,2.9,-1,Sport,5.10b,1,80,44.367,-121.14277
"Master of Puppets","(1) Northeast Face > (m) Smith Rock Group > Smith Rock > Central Oregon > Oregon",https://www.mountainproject.com/route/111766810/master-of-puppets,3.4,-1,Sport,5.10b/c,1,105,44.36442,-121.14739
"Unknown 3 AKA: Wally's Warm Up","The Main Wall > Trout Creek > Central Oregon > Oregon",https://www.mountainproject.com/route/107289745/unknown-3-aka-wallys-warm-up,2.9,-1,Trad,5.9,1,100,44.80197,-121.10859
"License To Bolt","(3) Phoenix > (m) Smith Rock Group > Smith Rock > Central Oregon > Oregon",https://www.mountainproject.com/route/105803553/license-to-bolt,2.9,-1,Sport,5.11c,1,75,44.36399,-121.14633
"Hissing Llamas","(3) Phoenix > (m) Smith Rock Group > Smith Rock > Central Oregon > Oregon",https://www.mountainproject.com/route/105822353/hissing-llamas,2.8,-1,Sport,5.8,1,70,44.36399,-121.14633
"Fred On Air","(3) Phoenix > (m) Smith Rock Group > Smith Rock > Central Oregon > Oregon",https://www.mountainproject.com/route/105812555/fred-on-air,2.8,-1,Sport,5.10d,1,80,44.36399,-121.14633
"New Testament","Christian Brothers - East Side > (l) Christian Brothers > Smith Rock > Central Oregon > Oregon",https://www.mountainproject.com/route/105820346/new-testament,2.8,-1,Trad,5.10a,1,80,44.36598,-121.14688
Crack-A-No-Go,"(3) Catwalk Cliff > West Side > (z) Lower Gorge > Smith Rock > Central Oregon > Oregon",https://www.mountainproject.com/route/105793286/crack-a-no-go,3.5,-1,Trad,"5.11b PG13",1,80,44.36733,-121.13065
"Bucket List","(a) Dreamland > Marsupial Wall > (w) The Marsupials > Smith Rock > Central Oregon > Oregon",https://www.mountainproject.com/route/109638837/bucket-list,3.7,-1,Sport,5.11a,1,50,44.36891,-121.12312
"Cave Route","Southside > Brogan Spire > (w) The Marsupials > Smith Rock > Central Oregon > Oregon",https://www.mountainproject.com/route/105812662/cave-route,2.9,-1,Trad,"5.7 R",3,250,44.3687,-121.12383
Prometheus,"(3) Catwalk Cliff > West Side > (z) Lower Gorge > Smith Rock > Central Oregon > Oregon",https://www.mountainproject.com/route/105809726/prometheus,3.7,-1,Trad,5.10c,1,90,44.36733,-121.13065
"Leper Messiah","(1) Northeast Face > (m) Smith Rock Group > Smith Rock > Central Oregon > Oregon",https://www.mountainproject.com/route/111244912/leper-messiah,3.0,-1,Sport,5.10b,1,95,44.36442,-121.14739
"Lion Zion","(g) Morning Glory Wall > Smith Rock > Central Oregon > Oregon",https://www.mountainproject.com/route/105801735/lion-zion,3.5,-1,Sport,5.10d,1,185,44.36716,-121.14353
"Morning Star","(4) Star Wall > West Side > (z) Lower Gorge > Smith Rock > Central Oregon > Oregon",https://www.mountainproject.com/route/105792069/morning-star,3.9,-1,Trad,5.10c,1,70,44.36629,-121.13069
"Bay of Pigs","(u) Red Wall > Smith Rock > Central Oregon > Oregon",https://www.mountainproject.com/route/107629071/bay-of-pigs,3.1,-1,Sport,5.10d,2,180,44.3696,-121.13916
"Butter Knife","(7) Flounder and Cod Rock > (m) Smith Rock Group > Smith Rock > Central Oregon > Oregon",https://www.mountainproject.com/route/105949627/butter-knife,3.2,-1,Sport,5.10c,1,70,44.36266,-121.14949
Azog,"(5) Shakespeare Cliff > East Side > (z) Lower Gorge > Smith Rock > Central Oregon > Oregon",https://www.mountainproject.com/route/105901816/azog,3.0,-1,Trad,5.9,1,70,44.36684,-121.12991
"Thieves Like Us","(6) Northwest Face > (m) Smith Rock Group > Smith Rock > Central Oregon > Oregon",https://www.mountainproject.com/route/108281533/thieves-like-us,3.0,-1,Sport,5.10c,1,95,44.36445,-121.1482
"Marsupials Traverse","Mud Pile > (w) The Marsupials > Smith Rock > Central Oregon > Oregon",https://www.mountainproject.com/route/105930247/marsupials-traverse,2.9,-1,Trad,"5.8 R",8,1000,44.36698,-121.12562
"Kid Packed Minivan From Hell","Mud Pile > (w) The Marsupials > Smith Rock > Central Oregon > Oregon",https://www.mountainproject.com/route/105814581/kid-packed-minivan-from-hell,3.2,-1,Sport,5.10d,1,80,44.36698,-121.12562
"Cool Air","Koala Rock > (w) The Marsupials > Smith Rock > Central Oregon > Oregon",https://www.mountainproject.com/route/105812642/cool-air,3.3,-1,Sport,5.11a,1,85,44.36947,-121.12462
"Hesitation Blues","Christian Brothers - East Side > (l) Christian Brothers > Smith Rock > Central Oregon > Oregon",https://www.mountainproject.com/route/105804584/hesitation-blues,2.8,-1,Trad,5.10b,1,80,44.36598,-121.14688
"Pet Cemetary","(3) Catwalk Cliff > West Side > (z) Lower Gorge > Smith Rock > Central Oregon > Oregon",https://www.mountainproject.com/route/106152138/pet-cemetary,3.4,-1,Sport,5.11b,1,70,44.36733,-121.13065
"Are You Experienced","North Face > Brogan Spire > (w) The Marsupials > Smith Rock > Central Oregon > Oregon",https://www.mountainproject.com/route/115355162/are-you-experienced,3.1,-1,Sport,5.10c,1,70,44.36805,-121.12411
"Ride The Lightning","(u) Red Wall > Smith Rock > Central Oregon > Oregon",https://www.mountainproject.com/route/105807442/ride-the-lightning,2.9,-1,Sport,5.11b/c,1,,44.3696,-121.13916
"Master Looney","(4) Arrington Columns > East Side > (z) Lower Gorge > Smith Rock > Central Oregon > Oregon",https://www.mountainproject.com/route/105810631/master-looney,3.9,-1,Trad,5.11a,1,80,44.36774,-121.12995
"Cry of the Poor","(2) Wildfire Wall > West Side > (z) Lower Gorge > Smith Rock > Central Oregon > Oregon",https://www.mountainproject.com/route/106745080/cry-of-the-poor,3.8,-1,Trad,5.11a,1,,44.36798,-121.13081
"Salad Daze","The Northern End > Trout Creek > Central Oregon > Oregon",https://www.mountainproject.com/route/107679760/salad-daze,3.2,-1,Trad,5.9,1,80,44.803,-121.10752
"Original Sin","(3) Hand Job Wall > East Side > (z) Lower Gorge > Smith Rock > Central Oregon > Oregon",https://www.mountainproject.com/route/105826427/original-sin,3.8,-1,Trad,5.10c,1,70,44.36774,-121.12995
Fingerlings,"The Main Wall > Trout Creek > Central Oregon > Oregon",https://www.mountainproject.com/route/106551841/fingerlings,3.6,-1,Trad,5.11-,1,75,44.80197,-121.10859
"Much Ado About Nothing","(5) Shakespeare Cliff > East Side > (z) Lower Gorge > Smith Rock > Central Oregon > Oregon",https://www.mountainproject.com/route/105812684/much-ado-about-nothing,3.5,-1,Trad,5.10d,1,100,44.36684,-121.12991
"Reason To Be","(q) Mesa Verde Wall > Smith Rock > Central Oregon > Oregon",https://www.mountainproject.com/route/105806903/reason-to-be,3.1,-1,Sport,5.11a,1,80,44.36866,-121.14442
"Cougar Buttress","Main Area > Cougar Buttress > Central Oregon > Oregon",https://www.mountainproject.com/route/117855924/cougar-buttress,3.5,-1,Trad,5.9,5,400,44.03596,-121.54824
Riptide,"Shipwreck Wall - East Face > (c) Shipwreck Wall > Smith Rock > Central Oregon > Oregon",https://www.mountainproject.com/route/107304417/riptide,3.0,-1,Sport,5.11b/c,1,50,44.36708,-121.14198
"Fun Soup","The Main Wall > Trout Creek > Central Oregon > Oregon",https://www.mountainproject.com/route/106551880/fun-soup,3.4,-1,Trad,5.10,1,70,44.80197,-121.10859
"Castles Made of Sand","The Monument Base Area > (7) The Monument > (v) Monument Area > Smith Rock > Central Oregon > Oregon",https://www.mountainproject.com/route/117343662/castles-made-of-sand,3.3,-1,Sport,5.11c,1,100,44.37611,-121.13503
"The Gods Must Be Angry","The Northern End > Trout Creek > Central Oregon > Oregon",https://www.mountainproject.com/route/108338622/the-gods-must-be-angry,3.1,-1,Trad,5.10-,1,,44.803,-121.10752
"Caffeine Free Finish","(e) Western Ship - River Face > Smith Rock > Central Oregon > Oregon",https://www.mountainproject.com/route/109243116/caffeine-free-finish,2.9,-1,Sport,5.10d,1,,44.367,-121.14277
"Dame El Oro","The Main Wall > Trout Creek > Central Oregon > Oregon",https://www.mountainproject.com/route/106950680/dame-el-oro,3.9,-1,Trad,5.11,1,95,44.80197,-121.10859
"Ryan's Arete","Koala Rock > (w) The Marsupials > Smith Rock > Central Oregon > Oregon",https://www.mountainproject.com/route/105807598/ryans-arete,3.0,-1,Sport,5.10d,1,75,44.36947,-121.12462
"Hemp Liberation","(n) Snake Rock > Smith Rock > Central Oregon > Oregon",https://www.mountainproject.com/route/105815129/hemp-liberation,2.9,-1,Sport,5.11a,1,65,44.36679,-121.14644
"Rodeo Crack","The Northern End > Trout Creek > Central Oregon > Oregon",https://www.mountainproject.com/route/107687018/rodeo-crack,3.7,-1,Trad,5.10,1,70,44.803,-121.10752
"Landing a Monster","The Main Wall > Trout Creek > Central Oregon > Oregon",https://www.mountainproject.com/route/106505559/landing-a-monster,3.5,-1,Trad,5.10+,1,70,44.80197,-121.10859
Wengerbanger,"The Main Wall > Trout Creek > Central Oregon > Oregon",https://www.mountainproject.com/route/109109465/wengerbanger,3.5,-1,Trad,5.10,1,,44.80197,-121.10859
"Crime Wave","(2) Wildfire Wall > West Side > (z) Lower Gorge > Smith Rock > Central Oregon > Oregon",https://www.mountainproject.com/route/105828698/crime-wave,3.7,-1,Trad,"5.11b PG13",1,80,44.36798,-121.13081
"Pure Sugar","(6) Puddy's Tower > (v) Monument Area > Smith Rock > Central Oregon > Oregon",https://www.mountainproject.com/route/118259212/pure-sugar,3.6,-1,Sport,5.11c,1,90,44.37636,-121.13605
Shasta,"The Northern End > Trout Creek > Central Oregon > Oregon",https://www.mountainproject.com/route/106904122/shasta,2.8,-1,Trad,5.8,1,75,44.803,-121.10752
"Unknown  2","The Main Wall > Trout Creek > Central Oregon > Oregon",https://www.mountainproject.com/route/106734614/unknown-2,3.5,-1,Trad,5.10+,1,70,44.80197,-121.10859
"Death Of a Raven","Southside > Brogan Spire > (w) The Marsupials > Smith Rock > Central Oregon > Oregon",https://www.mountainproject.com/route/108424150/death-of-a-raven,3.0,-1,Sport,5.8,1,,44.3687,-121.12383
"Drilling Zona","Reproductive Wall > Student Wall > (yy) Basalt Rimrock > Smith Rock > Central Oregon > Oregon",https://www.mountainproject.com/route/105803539/drilling-zona,3.8,-1,Sport,5.11c,1,80,44.37155,-121.13122
"Lava Lanes","(8) Anglin's Buttress > (v) Monument Area > Smith Rock > Central Oregon > Oregon",https://www.mountainproject.com/route/113949342/lava-lanes,3.1,-1,Sport,5.10c,4,300,44.37648,-121.1337
"Cat Scan","(g) Morning Glory Wall > Smith Rock > Central Oregon > Oregon",https://www.mountainproject.com/route/105937358/cat-scan,3.4,-1,Sport,5.11b,2,170,44.36716,-121.14353
"Star Crunch","(6) Puddy's Tower > (v) Monument Area > Smith Rock > Central Oregon > Oregon",https://www.mountainproject.com/route/113731295/star-crunch,3.4,-1,Sport,5.11c,1,70,44.37636,-121.13605
"California Weakender","The Main Wall > Trout Creek > Central Oregon > Oregon",https://www.mountainproject.com/route/106593809/california-weakender,3.6,-1,Trad,5.11b,1,70,44.80197,-121.10859
"Unknown 4","The Main Wall > Trout Creek > Central Oregon > Oregon",https://www.mountainproject.com/route/106520646/unknown-4,3.8,-1,Trad,5.11-,1,90,44.80197,-121.10859
"Feel the Bern","(2) Windfall Wall > East Side > (z) Lower Gorge > Smith Rock > Central Oregon > Oregon",https://www.mountainproject.com/route/111766777/feel-the-bern,3.9,-1,Sport,5.11c,1,90,44.36774,-121.12995
"Anglin n' Danglin'","(8) Anglin's Buttress > (v) Monument Area > Smith Rock > Central Oregon > Oregon",https://www.mountainproject.com/route/112374737/anglin-n-danglin,3.5,-1,Sport,5.11b,5,350,44.37648,-121.1337
Bushwhacker,"The Main Wall > Trout Creek > Central Oregon > Oregon",https://www.mountainproject.com/route/106599016/bushwhacker,3.2,-1,Trad,5.10-,1,75,44.80197,-121.10859
"As You Like It","(5) Shakespeare Cliff > East Side > (z) Lower Gorge > Smith Rock > Central Oregon > Oregon",https://www.mountainproject.com/route/105812690/as-you-like-it,3.3,-1,Trad,5.10b,1,90,44.36684,-121.12991
"E-Type Jag","(zz) Upper Gorge > Smith Rock > Central Oregon > Oregon",https://www.mountainproject.com/route/105801776/e-type-jag,3.7,-1,Sport,5.11a,1,90,44.36434,-121.12783
"The Pearl","(3) Catwalk Cliff > West Side > (z) Lower Gorge > Smith Rock > Central Oregon > Oregon",https://www.mountainproject.com/route/105809755/the-pearl,4.0,-1,Trad,5.11,1,95,44.36733,-121.13065
Gateway,"The Main Wall > Trout Creek > Central Oregon > Oregon",https://www.mountainproject.com/route/106599032/gateway,3.8,-1,Trad,5.11,1,80,44.80197,-121.10859
"Crack Of Infinity","(i) The Fourth Horseman > Smith Rock > Central Oregon > Oregon",https://www.mountainproject.com/route/105822360/crack-of-infinity,2.9,-1,Trad,5.10b,2,180,44.36691,-121.14492
"The Long March","The Main Wall > Trout Creek > Central Oregon > Oregon",https://www.mountainproject.com/route/106595522/the-long-march,3.6,-1,Trad,5.10+,1,70,44.80197,-121.10859
Puck,"(5) Shakespeare Cliff > East Side > (z) Lower Gorge > Smith Rock > Central Oregon > Oregon",https://www.mountainproject.com/route/109565046/puck,3.1,-1,Trad,5.10a/b,1,80,44.36684,-121.12991
"Pan Handlin'","The Main Wall > Trout Creek > Central Oregon > Oregon",https://www.mountainproject.com/route/109048736/pan-handlin,3.8,-1,Trad,5.10,1,,44.80197,-121.10859
"Space Mission","The Main Wall > Trout Creek > Central Oregon > Oregon",https://www.mountainproject.com/route/106551832/space-mission,3.9,-1,Trad,5.11c,1,85,44.80197,-121.10859
Golgotha,"Christian Brothers - East Side > (l) Christian Brothers > Smith Rock > Central Oregon > Oregon",https://www.mountainproject.com/route/106311211/golgotha,3.2,-1,Trad,"5.11b PG13",1,80,44.36598,-121.14688
"The Wiggle Room","The Northern End > Trout Creek > Central Oregon > Oregon",https://www.mountainproject.com/route/106551858/the-wiggle-room,3.1,-1,Trad,5.10-,1,60,44.803,-121.10752
Redside,"The Main Wall > Trout Creek > Central Oregon > Oregon",https://www.mountainproject.com/route/107097929/redside,3.9,-1,Trad,5.10+,1,70,44.80197,-121.10859
"Where's Noah Vibbert","The Northern End > Trout Creek > Central Oregon > Oregon",https://www.mountainproject.com/route/108989329/wheres-noah-vibbert,3.6,-1,Trad,5.11-,1,70,44.803,-121.10752
"Mines of Moria","(3) Hand Job Wall > East Side > (z) Lower Gorge > Smith Rock > Central Oregon > Oregon",https://www.mountainproject.com/route/107118805/mines-of-moria,3.3,-1,Trad,5.8,1,,44.36774,-121.12995
"Hard Attack","(2) Windfall Wall > East Side > (z) Lower Gorge > Smith Rock > Central Oregon > Oregon",https://www.mountainproject.com/route/109153273/hard-attack,3.8,-1,Trad,5.11a,1,90,44.36774,-121.12995
"Rising Expectations","(s) Monkey Face > Smith Rock > Central Oregon > Oregon",https://www.mountainproject.com/route/107499242/rising-expectations,3.8,-1,Trad,5.11+,1,44,44.37053,-121.14363
"Diminishing Returns","The Main Wall > Trout Creek > Central Oregon > Oregon",https://www.mountainproject.com/route/107408299/diminishing-returns,3.6,-1,Trad,5.10+,1,80,44.80197,-121.10859
"Tale of Two Shitties","(q) Mesa Verde Wall > Smith Rock > Central Oregon > Oregon",https://www.mountainproject.com/route/105804319/tale-of-two-shitties,2.8,-1,Trad,5.10a,3,250,44.36866,-121.14442
Mantra,"(4) Star Wall > West Side > (z) Lower Gorge > Smith Rock > Central Oregon > Oregon",https://www.mountainproject.com/route/105899231/mantra,3.0,-1,Trad,5.10b,1,75,44.36629,-121.13069
"To Live is to Die","Koala Rock > (w) The Marsupials > Smith Rock > Central Oregon > Oregon",https://www.mountainproject.com/route/107629100/to-live-is-to-die,3.1,-1,Sport,5.11a,1,80,44.36947,-121.12462
"Walking on Broken Glass","Southside > Brogan Spire > (w) The Marsupials > Smith Rock > Central Oregon > Oregon",https://www.mountainproject.com/route/105812674/walking-on-broken-glass,2.9,-1,Sport,5.10d,1,40,44.3687,-121.12383
Crossroads,"(3) Catwalk Cliff > West Side > (z) Lower Gorge > Smith Rock > Central Oregon > Oregon",https://www.mountainproject.com/route/107822819/crossroads,3.6,-1,Sport,5.11c,1,,44.36733,-121.13065
"Journey to the Center of the Earth","The Wombat > (w) The Marsupials > Smith Rock > Central Oregon > Oregon",https://www.mountainproject.com/route/119068990/journey-to-the-center-of-the-earth,3.7,-1,Sport,5.11c,1,75,44.3711,-121.12285
"Fire and Sage","The Main Wall > Trout Creek > Central Oregon > Oregon",https://www.mountainproject.com/route/107801025/fire-and-sage,3.7,-1,Trad,5.11-,1,100,44.80197,-121.10859
"Adventure Dog","(b) Dog Wall > Marsupial Wall > (w) The Marsupials > Smith Rock > Central Oregon > Oregon",https://www.mountainproject.com/route/108939657/adventure-dog,3.1,-1,Sport,5.10d,3,210,44.36858,-121.12308
"Risky Pass","(1) Northeast Face > (m) Smith Rock Group > Smith Rock > Central Oregon > Oregon",https://www.mountainproject.com/route/111937311/risky-pass,3.0,-1,Sport,5.10c,1,110,44.36442,-121.14739
"Muffin Top","The Main Wall > Trout Creek > Central Oregon > Oregon",https://www.mountainproject.com/route/109048784/muffin-top,3.8,-1,Trad,5.10+,1,,44.80197,-121.10859
"Unknown  1","The Main Wall > Trout Creek > Central Oregon > Oregon",https://www.mountainproject.com/route/106505566/unknown-1,3.3,-1,Trad,5.10+,1,80,44.80197,-121.10859
Sauron,"(5) Shakespeare Cliff > East Side > (z) Lower Gorge > Smith Rock > Central Oregon > Oregon",https://www.mountainproject.com/route/105888984/sauron,3.1,-1,Trad,5.9+,1,85,44.36684,-121.12991
"Tombstone Crack","The Monument Base Area > (7) The Monument > (v) Monument Area > Smith Rock > Central Oregon > Oregon",https://www.mountainproject.com/route/108328565/tombstone-crack,3.8,-1,Trad,5.10c/d,1,,44.37611,-121.13503
"Mouthful of Marbles","Cornerstone Buttress > (7) The Monument > (v) Monument Area > Smith Rock > Central Oregon > Oregon",https://www.mountainproject.com/route/117563327/mouthful-of-marbles,3.0,-1,Sport,5.11b,1,80,44.37625,-121.13542
"Groove Thang","(t) Kiss of the Lepers Buttress > Smith Rock > Central Oregon > Oregon",https://www.mountainproject.com/route/108049583/groove-thang,3.3,-1,Sport,5.8+,1,50,44.37209,-121.14276
"The Northern Throne","The Northern End > Trout Creek > Central Oregon > Oregon",https://www.mountainproject.com/route/111904536/the-northern-throne,3.1,-1,Trad,5.8+,1,65,44.803,-121.10752
"Sky Dive","(1) Northeast Face > (m) Smith Rock Group > Smith Rock > Central Oregon > Oregon",https://www.mountainproject.com/route/111917823/sky-dive,3.0,-1,Sport,5.10c,1,,44.36442,-121.14739
"Erogenous Zone","(3) Catwalk Cliff > West Side > (z) Lower Gorge > Smith Rock > Central Oregon > Oregon",https://www.mountainproject.com/route/107847284/erogenous-zone,3.2,-1,Trad,5.10c,1,,44.36733,-121.13065
"Fingers through Bulges","Meadow Camp > Central Oregon > Oregon",https://www.mountainproject.com/route/111649772/fingers-through-bulges,3.0,-1,"Trad, TR",5.10b,1,25,44.00144,-121.37788
"Tammy Jo Memorial","Steins Pillar > Steins Pillar > Central Oregon > Oregon",https://www.mountainproject.com/route/110381379/tammy-jo-memorial,3.8,-1,Sport,"5.11+ PG13",3,350,44.41174,-120.61998
"Lion's Chair","(g) Morning Glory Wall > Smith Rock > Central Oregon > Oregon",https://www.mountainproject.com/route/106316075/lions-chair,3.0,-1,Trad,"5.11a R",5,350,44.36716,-121.14353
"Buzzer Beater","The Monument Base Area > (7) The Monument > (v) Monument Area > Smith Rock > Central Oregon > Oregon",https://www.mountainproject.com/route/119021170/buzzer-beater,3.2,-1,Sport,5.10+,3,270,44.37611,-121.13503
Naxis,"(zz) Upper Gorge > Smith Rock > Central Oregon > Oregon",https://www.mountainproject.com/route/108418721/naxis,3.3,-1,Sport,5.10b,1,,44.36434,-121.12783
"Fountain of Youth","The Philosopher's Stone > (w) The Marsupials > Smith Rock > Central Oregon > Oregon",https://www.mountainproject.com/route/113524680/fountain-of-youth,4.0,-1,Sport,5.11c,1,70,44.36924,-121.12317
"Great Googlie Moogli","The Northern End > Trout Creek > Central Oregon > Oregon",https://www.mountainproject.com/route/106578352/great-googlie-moogli,3.1,-1,Trad,"5.8+ PG13",1,70,44.803,-121.10752
"Geologic Time","The Main Wall > Trout Creek > Central Oregon > Oregon",https://www.mountainproject.com/route/107063967/geologic-time,3.7,-1,Trad,5.11,1,60,44.80197,-121.10859
"Pink Primitive","(zz) Upper Gorge > Smith Rock > Central Oregon > Oregon",https://www.mountainproject.com/route/116631873/pink-primitive,3.9,-1,Sport,5.11b,1,,44.36434,-121.12783
"Bedside Manner","The Northern End > Trout Creek > Central Oregon > Oregon",https://www.mountainproject.com/route/107679782/bedside-manner,3.0,-1,Trad,5.9,1,80,44.803,-121.10752
"Through Being Cool","Koala Rock > (w) The Marsupials > Smith Rock > Central Oregon > Oregon",https://www.mountainproject.com/route/107097818/through-being-cool,3.0,-1,Sport,5.11b,1,65,44.36947,-121.12462
"Sole Survivor","(u) Red Wall > Smith Rock > Central Oregon > Oregon",https://www.mountainproject.com/route/107156216/sole-survivor,3.2,-1,Sport,5.11b,1,80,44.3696,-121.13916
"Out Of Darkness","(2) Wildfire Wall > West Side > (z) Lower Gorge > Smith Rock > Central Oregon > Oregon",https://www.mountainproject.com/route/105832420/out-of-darkness,3.5,-1,Trad,"5.11 PG13",1,80,44.36798,-121.13081
"Lou Dog","The Main Wall > Trout Creek > Central Oregon > Oregon",https://www.mountainproject.com/route/115372196/lou-dog,3.8,-1,Trad,5.10,1,100,44.80197,-121.10859
"Side Effects","(a) Dreamland > Marsupial Wall > (w) The Marsupials > Smith Rock > Central Oregon > Oregon",https://www.mountainproject.com/route/113562023/side-effects,4.0,-1,Sport,5.11c,1,100,44.36891,-121.12312
"Karot Tots","(k) The Dihedrals > Smith Rock > Central Oregon > Oregon",https://www.mountainproject.com/route/106392598/karot-tots,3.5,-1,Trad,5.11b,2,90,44.3665,-121.14564
"Hip to Toe","The Main Wall > Trout Creek > Central Oregon > Oregon",https://www.mountainproject.com/route/107622377/hip-to-toe,4.0,-1,Trad,5.11+,1,80,44.80197,-121.10859
"Bood Gooky","The Cool Wall > Trout Creek > Central Oregon > Oregon",https://www.mountainproject.com/route/112014200/bood-gooky,4.0,-1,Trad,5.11,1,,44.79728,-121.11122
"Midas Touch","The Main Wall > Trout Creek > Central Oregon > Oregon",https://www.mountainproject.com/route/107877326/midas-touch,3.9,-1,Trad,5.11+,1,95,44.80197,-121.10859
Chosstafarian,"(8) Anglin's Buttress > (v) Monument Area > Smith Rock > Central Oregon > Oregon",https://www.mountainproject.com/route/116493341/chosstafarian,3.7,-1,Sport,5.11c,4,350,44.37648,-121.1337
"The Kings Highway","Meadow Camp > Central Oregon > Oregon",https://www.mountainproject.com/route/118565601/the-kings-highway,4.0,-1,"TR, Boulder","5.11c/d V4-",1,22,44.00144,-121.37788
Burma-Shave,"Shepard's Tower > Central Oregon > Oregon",https://www.mountainproject.com/route/114365912/burma-shave,4.0,-1,"Sport, TR",5.10+,1,50,44.64581,-121.6113
"Trail Blazer","Southeast Face > (7) The Monument > (v) Monument Area > Smith Rock > Central Oregon > Oregon",https://www.mountainproject.com/route/118006301/trail-blazer,4.0,-1,Trad,5.11a,2,165,44.37627,-121.13428
"Virtual Beach","(zz) Upper Gorge > Smith Rock > Central Oregon > Oregon",https://www.mountainproject.com/route/121902598/virtual-beach,3.4,-1,Sport,5.11-,1,90,44.36434,-121.12783
"The Guillotine","The Main Wall > Trout Creek > Central Oregon > Oregon",https://www.mountainproject.com/route/107134336/the-guillotine,3.1,-1,Trad,5.10,1,70,44.80197,-121.10859
"Elbow Therapy","(6) Northwest Face > (m) Smith Rock Group > Smith Rock > Central Oregon > Oregon",https://www.mountainproject.com/route/116142598/elbow-therapy,2.8,-1,Sport,5.8,1,80,44.36445,-121.1482
"Out Ridin' Fences","The Main Wall > Trout Creek > Central Oregon > Oregon",https://www.mountainproject.com/route/106712367/out-ridin-fences,3.8,-1,Trad,5.11+,1,70,44.80197,-121.10859
"The Unwelcoming Committee","(2) Wildfire Wall > West Side > (z) Lower Gorge > Smith Rock > Central Oregon > Oregon",https://www.mountainproject.com/route/122768662/the-unwelcoming-committee,4.0,-1,Trad,5.11c,1,105,44.36798,-121.13081
"Two Finger Torque","Hidden Wall > (yy) Basalt Rimrock > Smith Rock > Central Oregon > Oregon",https://www.mountainproject.com/route/120067097/two-finger-torque,4.0,-1,"TR, Mixed","5.11+ M6",1,30,44.36756,-121.13595
"Hail Mary","(zz) Upper Gorge > Smith Rock > Central Oregon > Oregon",https://www.mountainproject.com/route/121926393/hail-mary,4.0,-1,Trad,"5.11+ PG13",1,90,44.36434,-121.12783
"Storming the Castle","Shepard's Tower > Central Oregon > Oregon",https://www.mountainproject.com/route/119086873/storming-the-castle,3.7,-1,Sport,5.10d,1,60,44.64581,-121.6113
"Seige Tower","Shepard's Tower > Central Oregon > Oregon",https://www.mountainproject.com/route/119086899/seige-tower,4.0,-1,Sport,5.11a,1,40,44.64581,-121.6113
"Right Twin Crack","Twin Cracks > Willow Creek > Central Oregon > Oregon",https://www.mountainproject.com/route/116739102/right-twin-crack,4.0,-1,"Trad, TR",5.7,1,40,44.64246,-121.157
Galloper,"Brandon's Cliff > Willow Creek > Central Oregon > Oregon",https://www.mountainproject.com/route/120008916/galloper,4.0,-1,"Sport, TR",5.10a,1,60,44.64499,-121.16113
Desperado,"The Northern End > Trout Creek > Central Oregon > Oregon",https://www.mountainproject.com/route/106538180/desperado,3.2,-1,Trad,5.11-,1,80,44.803,-121.10752
"The Gambler","The Cool Wall > Trout Creek > Central Oregon > Oregon",https://www.mountainproject.com/route/112014194/the-gambler,4.0,-1,Trad,5.11+,1,,44.79728,-121.11122
"Boiler Head","Brandon's Cliff > Willow Creek > Central Oregon > Oregon",https://www.mountainproject.com/route/120008859/boiler-head,4.0,-1,"Sport, TR",5.10c/d,1,60,44.64499,-121.16113
"Jam Buster","Brandon's Cliff > Willow Creek > Central Oregon > Oregon",https://www.mountainproject.com/route/120008754/jam-buster,4.0,-1,Sport,5.10b,1,50,44.64499,-121.16113
"Pearl's Jam","The Cool Wall > Trout Creek > Central Oregon > Oregon",https://www.mountainproject.com/route/112014217/pearls-jam,4.0,-1,Trad,5.11-,1,,44.79728,-121.11122
"Dry the Rain","The Cool Wall > Trout Creek > Central Oregon > Oregon",https://www.mountainproject.com/route/112014178/dry-the-rain,4.0,-1,Trad,5.11+,1,,44.79728,-121.11122
"The YARD","Átya tpísh (North face) > Willow Creek > Central Oregon > Oregon",https://www.mountainproject.com/route/121930451/the-yard,4.0,-1,TR,5.10b,1,50,44.64428,-121.16105
Desiderata,"(5) Staender Summit > (vv)Staender Ridge > Smith Rock > Central Oregon > Oregon",https://www.mountainproject.com/route/108418478/desiderata,4.0,-1,Trad,5.9,1,,44.37543,-121.12892
"Bad Finger Extended (BFE)","(2) Wildfire Wall > West Side > (z) Lower Gorge > Smith Rock > Central Oregon > Oregon",https://www.mountainproject.com/route/109447244/bad-finger-extended-bfe,3.6,-1,Trad,5.11-,1,110,44.36798,-121.13081
"Pocket Pool","(6) Northwest Face > (m) Smith Rock Group > Smith Rock > Central Oregon > Oregon",https://www.mountainproject.com/route/108415799/pocket-pool,3.1,-1,Sport,5.11b,1,,44.36445,-121.1482
Windfall,"(2) Windfall Wall > East Side > (z) Lower Gorge > Smith Rock > Central Oregon > Oregon",https://www.mountainproject.com/route/110021999/windfall,3.6,-1,Trad,"5.11b R",1,85,44.36774,-121.12995
"Natural Art","(zz) Upper Gorge > Smith Rock > Central Oregon > Oregon",https://www.mountainproject.com/route/105803510/natural-art,3.5,-1,Sport,5.11c,1,80,44.36434,-121.12783
Cognition,"(k) The Dihedrals > Smith Rock > Central Oregon > Oregon",https://www.mountainproject.com/route/109389611/cognition,2.9,-1,Sport,5.11c,1,85,44.3665,-121.14564
"Shoes of the Fisherman","Christian Brothers - East Side > (l) Christian Brothers > Smith Rock > Central Oregon > Oregon",https://www.mountainproject.com/route/105794223/shoes-of-the-fisherman,3.1,-1,Trad,5.11b,2,,44.36598,-121.14688
"Bat Soup","(3) Catwalk Cliff > West Side > (z) Lower Gorge > Smith Rock > Central Oregon > Oregon",https://www.mountainproject.com/route/119865919/bat-soup,3.7,-1,Trad,5.11b,1,100,44.36733,-121.13065
Straightway,"The Main Wall > Trout Creek > Central Oregon > Oregon",https://www.mountainproject.com/route/112059154/straightway,3.8,-1,Trad,5.11+,1,,44.80197,-121.10859
"Push Me, Pull Me","Cornerstone Buttress > (7) The Monument > (v) Monument Area > Smith Rock > Central Oregon > Oregon",https://www.mountainproject.com/route/117302398/push-me-pull-me,3.0,-1,Sport,5.11b,1,60,44.37625,-121.13542
"Cretin's Retreat","(1) Parched Cat Cliff (aka Cox Rocks) > West Side > (z) Lower Gorge > Smith Rock > Central Oregon > Oregon",https://www.mountainproject.com/route/105889661/cretins-retreat,3.1,-1,Trad,5.10c,1,80,44.36851,-121.13117
"Girls with Chim(n)ay","The Northern End > Trout Creek > Central Oregon > Oregon",https://www.mountainproject.com/route/111170331/girls-with-chimnay,3.2,-1,Trad,5.10-,1,90,44.803,-121.10752
"Lion's Chair Start","(g) Morning Glory Wall > Smith Rock > Central Oregon > Oregon",https://www.mountainproject.com/route/116104562/lions-chair-start,3.0,-1,Trad,5.10c/d,1,,44.36716,-121.14353
"Season's Change","(1) Northeast Face > (m) Smith Rock Group > Smith Rock > Central Oregon > Oregon",https://www.mountainproject.com/route/106679458/seasons-change,2.8,-1,Sport,5.11b,6,400,44.36442,-121.14739
Lightsaber,"Christian Brothers - East Side > (l) Christian Brothers > Smith Rock > Central Oregon > Oregon",https://www.mountainproject.com/route/112057988/lightsaber,2.9,-1,Sport,5.10a,2,60,44.36598,-121.14688
"West Face Route (5.10d or 5.6 A3)","Steins Pillar > Steins Pillar > Central Oregon > Oregon",https://www.mountainproject.com/route/106184088/west-face-route-510d-or-56-a3,3.1,-1,Trad,5.10d,4,400,44.41174,-120.61998
"Unforgiven Variation","(6) Northwest Face > (m) Smith Rock Group > Smith Rock > Central Oregon > Oregon",https://www.mountainproject.com/route/108423857/unforgiven-variation,3.4,-1,Sport,5.10b,1,80,44.36445,-121.1482
Animation,"(zz) Upper Gorge > Smith Rock > Central Oregon > Oregon",https://www.mountainproject.com/route/122186225/animation,3.5,-1,Sport,5.11b,1,,44.36434,-121.12783
"The Psycho","Meadow Camp > Central Oregon > Oregon",https://www.mountainproject.com/route/111649717/the-psycho,2.9,-1,"Trad, TR",5.10c,1,25,44.00144,-121.37788
"Jesus Saves","Meadow Camp > Central Oregon > Oregon",https://www.mountainproject.com/route/120490044/jesus-saves,3.4,-1,TR,5.11a,1,40,44.00144,-121.37788
"Northwest Passage (Aid)","(s) Monkey Face > Smith Rock > Central Oregon > Oregon",https://www.mountainproject.com/route/105895096/northwest-passage-aid,3.5,-1,"Trad, Aid","5.7 C2",4,350,44.37053,-121.14363
"Snibble Tower","(1) Northeast Face > (m) Smith Rock Group > Smith Rock > Central Oregon > Oregon",https://www.mountainproject.com/route/105923678/snibble-tower,3.1,-1,"Trad, Aid","5.9+ C1",5,500,44.36442,-121.14739
[Redacted],"The Textbooks > Student Wall > (yy) Basalt Rimrock > Smith Rock > Central Oregon > Oregon",https://www.mountainproject.com/route/106181423/redacted,3.1,-1,Trad,5.9,1,,44.37036,-121.13093
"Do Not Resuscitate (DNR)","(2) Wildfire Wall > West Side > (z) Lower Gorge > Smith Rock > Central Oregon > Oregon",https://www.mountainproject.com/route/111100265/do-not-resuscitate-dnr,3.5,-1,Trad,"5.11 R",1,60,44.36798,-121.13081
"Southern Cross","(3) Catwalk Cliff > West Side > (z) Lower Gorge > Smith Rock > Central Oregon > Oregon",https://www.mountainproject.com/route/105809740/southern-cross,3.2,-1,Trad,5.11b,1,90,44.36733,-121.13065
"Night Shift","(3) Catwalk Cliff > West Side > (z) Lower Gorge > Smith Rock > Central Oregon > Oregon",https://www.mountainproject.com/route/112287915/night-shift,3.5,-1,Trad,5.11b,1,,44.36733,-121.13065
"Supercrack of the (high) Desert","Power Lines > Central Oregon > Oregon",https://www.mountainproject.com/route/118860773/supercrack-of-the-high-desert,3.0,-1,Trad,5.8,1,45,44.04393,-121.46742
Colorsplash,"(zz) Upper Gorge > Smith Rock > Central Oregon > Oregon",https://www.mountainproject.com/route/112380032/colorsplash,3.5,-1,Trad,5.10,1,,44.36434,-121.12783
"Searching for Stars","Meadow Camp > Central Oregon > Oregon",https://www.mountainproject.com/route/111880564/searching-for-stars,3.1,-1,TR,5.11b/c,1,,44.00144,-121.37788
"Higher Messiah","(1) Northeast Face > (m) Smith Rock Group > Smith Rock > Central Oregon > Oregon",https://www.mountainproject.com/route/115410728/higher-messiah,3.3,-1,Sport,5.11c,1,80,44.36442,-121.14739
[Redacted],"The Main Wall > Trout Creek > Central Oregon > Oregon",https://www.mountainproject.com/route/110866624/redacted,3.3,-1,"Trad, TR",5.10,1,90,44.80197,-121.10859
"Hand Jam","Power Lines > Central Oregon > Oregon",https://www.mountainproject.com/route/114459414/hand-jam,3.2,-1,"Trad, TR",5.10a/b,1,,44.04393,-121.46742
"Out of the Question","The Main Wall > Trout Creek > Central Oregon > Oregon",https://www.mountainproject.com/route/107453783/out-of-the-question,3.4,-1,Trad,"5.11+ PG13",1,70,44.80197,-121.10859
"Too Rolling Stoned","Koala Rock > (w) The Marsupials > Smith Rock > Central Oregon > Oregon",https://www.mountainproject.com/route/114385096/too-rolling-stoned,3.1,-1,Sport,5.11c,1,90,44.36947,-121.12462
"Right on Joe","Meadow Camp > Central Oregon > Oregon",https://www.mountainproject.com/route/111649827/right-on-joe,2.9,-1,"Trad, TR",5.10a,1,18,44.00144,-121.37788
"Star Driven","Southeast Face > (7) The Monument > (v) Monument Area > Smith Rock > Central Oregon > Oregon",https://www.mountainproject.com/route/118006554/star-driven,3.0,-1,Sport,5.11a,5,370,44.37627,-121.13428
"Black Nails","(zz) Upper Gorge > Smith Rock > Central Oregon > Oregon",https://www.mountainproject.com/route/121902572/black-nails,3.4,-1,Sport,5.11a,1,90,44.36434,-121.12783
"Jenga's Revenge","Shepard's Tower > Central Oregon > Oregon",https://www.mountainproject.com/route/119206232/jengas-revenge,3.3,-1,"Sport, TR",5.10b,1,100,44.64581,-121.6113
"ADHD (Adventure Dog Hank Direct)","(b) Dog Wall > Marsupial Wall > (w) The Marsupials > Smith Rock > Central Oregon > Oregon",https://www.mountainproject.com/route/109656758/adhd-adventure-dog-hank-direct,3.1,-1,Sport,5.11a,1,45,44.36858,-121.12308
"Ol' Dirty Bastard","The Northern End > Trout Creek > Central Oregon > Oregon",https://www.mountainproject.com/route/112014074/ol-dirty-bastard,3.0,-1,Trad,5.10+,1,,44.803,-121.10752
"Quarantined with Spirit","Power Lines > Central Oregon > Oregon",https://www.mountainproject.com/route/118822314/quarantined-with-spirit,2.9,-1,"Sport, TR",5.10c,1,45,44.04393,-121.46742
"Holy Road","Christian Brothers - East Side > (l) Christian Brothers > Smith Rock > Central Oregon > Oregon",https://www.mountainproject.com/route/108098087/holy-road,3.0,-1,Sport,5.11b/c,1,50,44.36598,-121.14688
"Lonesome Crowded West","(1) Parched Cat Cliff (aka Cox Rocks) > West Side > (z) Lower Gorge > Smith Rock > Central Oregon > Oregon",https://www.mountainproject.com/route/105803618/lonesome-crowded-west,2.8,-1,Trad,5.9,1,,44.36851,-121.13117
"Demander Cody","(3) Hand Job Wall > East Side > (z) Lower Gorge > Smith Rock > Central Oregon > Oregon",https://www.mountainproject.com/route/110020327/demander-cody,3.1,-1,Trad,5.9,1,75,44.36774,-121.12995
"Another A-Hole Hall Monitor","Reproductive Wall > Student Wall > (yy) Basalt Rimrock > Smith Rock > Central Oregon > Oregon",https://www.mountainproject.com/route/119510802/another-a-hole-hall-monitor,3.1,-1,Trad,5.11a/b,1,60,44.37155,-121.13122
Titus,"(2) Wildfire Wall > West Side > (z) Lower Gorge > Smith Rock > Central Oregon > Oregon",https://www.mountainproject.com/route/106745061/titus,3.0,-1,Trad,5.10b,1,,44.36798,-121.13081
"The River Wide","The Main Wall > Trout Creek > Central Oregon > Oregon",https://www.mountainproject.com/route/107674846/the-river-wide,2.9,-1,Trad,5.9+,1,80,44.80197,-121.10859
"Corona Crack","Power Lines > Central Oregon > Oregon",https://www.mountainproject.com/route/119284592/corona-crack,3.3,-1,"Trad, TR",5.10-,1,40,44.04393,-121.46742
"Chairman Mao's Little Red Book","(u) Red Wall > Smith Rock > Central Oregon > Oregon",https://www.mountainproject.com/route/105808381/chairman-maos-little-red-book,3.1,-1,Trad,5.11a,2,100,44.3696,-121.13916
"Slim Pickens","The Main Wall > Trout Creek > Central Oregon > Oregon",https://www.mountainproject.com/route/112326023/slim-pickens,3.3,-1,Trad,"5.8+ R",1,,44.80197,-121.10859
"Blind Dogs Need Bones Too","(zz) Upper Gorge > Smith Rock > Central Oregon > Oregon",https://www.mountainproject.com/route/121879422/blind-dogs-need-bones-too,3.2,-1,Sport,5.10+,1,80,44.36434,-121.12783
"Air Monkey","Whispering Springs > Willow Creek > Central Oregon > Oregon",https://www.mountainproject.com/route/116739331/air-monkey,3.3,-1,Sport,5.10c,1,40,44.64309,-121.15836
"Chick Magnet","The Cool Wall > Trout Creek > Central Oregon > Oregon",https://www.mountainproject.com/route/112014187/chick-magnet,3.6,-1,Trad,5.10,1,,44.79728,-121.11122
"The Good Ol' Days","(1) Northeast Face > (m) Smith Rock Group > Smith Rock > Central Oregon > Oregon",https://www.mountainproject.com/route/111867331/the-good-ol-days,2.9,-1,Sport,5.11b/c,6,,44.36442,-121.14739
Edgewise,"(1) Parched Cat Cliff (aka Cox Rocks) > West Side > (z) Lower Gorge > Smith Rock > Central Oregon > Oregon",https://www.mountainproject.com/route/114469968/edgewise,3.3,-1,Sport,5.10d,1,50,44.36851,-121.13117
"Redd Alert","The Main Wall > Trout Creek > Central Oregon > Oregon",https://www.mountainproject.com/route/107664104/redd-alert,3.2,-1,Trad,5.11+,1,100,44.80197,-121.10859
Oriface,"(1) Parched Cat Cliff (aka Cox Rocks) > West Side > (z) Lower Gorge > Smith Rock > Central Oregon > Oregon",https://www.mountainproject.com/route/112108961/oriface,3.4,-1,Trad,5.10c,1,60,44.36851,-121.13117
"E-Type Shag","(zz) Upper Gorge > Smith Rock > Central Oregon > Oregon",https://www.mountainproject.com/route/121871272/e-type-shag,3.5,-1,Sport,5.10-,1,90,44.36434,-121.12783
"Deception Crack","(8) Anglin's Buttress > (v) Monument Area > Smith Rock > Central Oregon > Oregon",https://www.mountainproject.com/route/113951413/deception-crack,3.2,-1,Trad,5.10a,1,150,44.37648,-121.1337
"5.11 Face","Meadow Camp > Central Oregon > Oregon",https://www.mountainproject.com/route/111654197/511-face,3.2,-1,TR,5.11b/c,1,,44.00144,-121.37788
"King of Pain","Koala Rock > (w) The Marsupials > Smith Rock > Central Oregon > Oregon",https://www.mountainproject.com/route/107097508/king-of-pain,3.1,-1,Sport,5.11b,1,80,44.36947,-121.12462
"Rest Before the Storm","Brandon's Cliff > Willow Creek > Central Oregon > Oregon",https://www.mountainproject.com/route/114085165/rest-before-the-storm,3.3,-1,"Sport, TR",5.10b,1,80,44.64499,-121.16113
Passover,"(2) Wildfire Wall > West Side > (z) Lower Gorge > Smith Rock > Central Oregon > Oregon",https://www.mountainproject.com/route/111765896/passover,3.3,-1,Trad,"5.10d PG13",1,80,44.36798,-121.13081
"Engine   2","Brandon's Cliff > Willow Creek > Central Oregon > Oregon",https://www.mountainproject.com/route/114085246/engine-2,3.3,-1,"Sport, TR",5.10c/d,1,80,44.64499,-121.16113
"Fingers of Fate","(u) Red Wall > Smith Rock > Central Oregon > Oregon",https://www.mountainproject.com/route/105806910/fingers-of-fate,3.1,-1,Trad,5.10d,1,110,44.3696,-121.13916
"Three Fingered Hack","(1) Parched Cat Cliff (aka Cox Rocks) > West Side > (z) Lower Gorge > Smith Rock > Central Oregon > Oregon",https://www.mountainproject.com/route/107783253/three-fingered-hack,3.0,-1,Trad,5.10,1,90,44.36851,-121.13117
"Eye of the Beholder Finish","(2) Llama Wall > (m) Smith Rock Group > Smith Rock > Central Oregon > Oregon",https://www.mountainproject.com/route/107783242/eye-of-the-beholder-finish,2.9,-1,Sport,5.10,1,80,44.36418,-121.14694
"NE Face (5.11a or 5.8 C2)","Steins Pillar > Steins Pillar > Central Oregon > Oregon",https://www.mountainproject.com/route/105819636/ne-face-511a-or-58-c2,3.0,-1,Trad,5.11,5,400,44.41174,-120.61998
"The Windy Corner","Main Area > Cougar Buttress > Central Oregon > Oregon",https://www.mountainproject.com/route/114608864/the-windy-corner,3.0,-1,Sport,5.10b,1,40,44.03596,-121.54824
"European Vacation","(1) Northeast Face > (m) Smith Rock Group > Smith Rock > Central Oregon > Oregon",https://www.mountainproject.com/route/109071980/european-vacation,2.9,-1,Trad,"5.11a R",8,600,44.36442,-121.14739
"Hot for Teacher / Variation","Reproductive Wall > Student Wall > (yy) Basalt Rimrock > Smith Rock > Central Oregon > Oregon",https://www.mountainproject.com/route/117740195/hot-for-teacher-variation,3.0,-1,Trad,5.10b,1,60,44.37155,-121.13122
"Beginners Luck","(c) Atmosphere Wall > Marsupial Wall > (w) The Marsupials > Smith Rock > Central Oregon > Oregon",https://www.mountainproject.com/route/118660449/beginners-luck,3.0,-1,Sport,5.10d,1,70,44.36787,-121.12217
"Self Preservation Variation","Christian Brothers - East Side > (l) Christian Brothers > Smith Rock > Central Oregon > Oregon",https://www.mountainproject.com/route/107632974/self-preservation-variation,2.8,-1,Trad,5.10a,1,60,44.36598,-121.14688
"Finger crack of the (high) desert","Power Lines > Central Oregon > Oregon",https://www.mountainproject.com/route/118989812/finger-crack-of-the-high-desert,3.2,-1,"Trad, TR",5.9,1,45,44.04393,-121.46742
"No name","Power Lines > Central Oregon > Oregon",https://www.mountainproject.com/route/117068405/no-name,2.9,-1,"Sport, TR",5.11a,1,45,44.04393,-121.46742
"Flaky Jake","Meadow Camp > Central Oregon > Oregon",https://www.mountainproject.com/route/111654332/flaky-jake,2.9,-1,"Trad, TR",5.9,1,,44.00144,-121.37788
"Jim Climbing","(8) Anglin's Buttress > (v) Monument Area > Smith Rock > Central Oregon > Oregon",https://www.mountainproject.com/route/112374951/jim-climbing,3.0,-1,Sport,5.11b,4,350,44.37648,-121.1337
"Happy Campers","(6) Northwest Face > (m) Smith Rock Group > Smith Rock > Central Oregon > Oregon",https://www.mountainproject.com/route/119408010/happy-campers,2.9,-1,Sport,5.9+,1,60,44.36445,-121.1482
"Awesome Arete","Meadow Camp > Central Oregon > Oregon",https://www.mountainproject.com/route/111649838/awesome-arete,3.0,-1,TR,5.11a,1,30,44.00144,-121.37788
"The Stem Cell","The Philosopher's Stone > (w) The Marsupials > Smith Rock > Central Oregon > Oregon",https://www.mountainproject.com/route/112098245/the-stem-cell,3.1,-1,Sport,5.11b/c,1,40,44.36924,-121.12317
"Neutral Zone","(2) Wildfire Wall > West Side > (z) Lower Gorge > Smith Rock > Central Oregon > Oregon",https://www.mountainproject.com/route/107783266/neutral-zone,3.0,-1,Trad,5.11a,1,80,44.36798,-121.13081
"Off Tempo","(4) Arrington Columns > East Side > (z) Lower Gorge > Smith Rock > Central Oregon > Oregon",https://www.mountainproject.com/route/105916068/off-tempo,3.0,-1,Trad,5.10a,1,60,44.36774,-121.12995
"Mr. Reach","(2) Windfall Wall > East Side > (z) Lower Gorge > Smith Rock > Central Oregon > Oregon",https://www.mountainproject.com/route/106745107/mr-reach,2.8,-1,Sport,5.11b,1,,44.36774,-121.12995
"Summer School","Reproductive Wall > Student Wall > (yy) Basalt Rimrock > Smith Rock > Central Oregon > Oregon",https://www.mountainproject.com/route/117684219/summer-school,2.9,-1,Trad,5.10b,1,60,44.37155,-121.13122
Taxtor,"(3) Catwalk Cliff > West Side > (z) Lower Gorge > Smith Rock > Central Oregon > Oregon",https://www.mountainproject.com/route/118278708/taxtor,3.0,-1,Trad,5.9,1,80,44.36733,-121.13065
"Cry Some More (Extension)","(2) Wildfire Wall > West Side > (z) Lower Gorge > Smith Rock > Central Oregon > Oregon",https://www.mountainproject.com/route/111933994/cry-some-more-extension,3.0,-1,Sport,5.11a,1,40,44.36798,-121.13081
"Exploring the Axis","Main Area > Cougar Buttress > Central Oregon > Oregon",https://www.mountainproject.com/route/121486435/exploring-the-axis,3.0,-1,Trad,5.10+,7,550,44.03596,-121.54824
"Edge of Light","Main Area > Cougar Buttress > Central Oregon > Oregon",https://www.mountainproject.com/route/119687274/edge-of-light,2.9,-1,Trad,5.10a/b,2,200,44.03596,-121.54824
"Time Bomb","The Main Wall > Trout Creek > Central Oregon > Oregon",https://www.mountainproject.com/route/106505531/time-bomb,3.0,-1,Trad,5.9,1,100,44.80197,-121.10859
"3 In One","Power Lines > Central Oregon > Oregon",https://www.mountainproject.com/route/114581181/3-in-one,3.0,-1,"Trad, TR",5.10c,1,60,44.04393,-121.46742
"Straight Outta' Peking","(u) Red Wall > Smith Rock > Central Oregon > Oregon",https://www.mountainproject.com/route/106194388/straight-outta-peking,2.9,-1,Sport,5.10c,1,,44.3696,-121.13916
"Child's Play","Christian Brothers - East Side > (l) Christian Brothers > Smith Rock > Central Oregon > Oregon",https://www.mountainproject.com/route/107124166/childs-play,2.9,-1,Trad,5.10c,1,70,44.36598,-121.14688
Microcosm,"Right Side > Northern Point > (yy) Basalt Rimrock > Smith Rock > Central Oregon > Oregon",https://www.mountainproject.com/route/109341809/microcosm,2.9,-1,"Sport, TR",5.11b,1,,44.3725,-121.13451
Chopper,"(3) The Mole > (vv)Staender Ridge > Smith Rock > Central Oregon > Oregon",https://www.mountainproject.com/route/105843074/chopper,3.0,-1,Trad,5.8,1,50,44.37424,-121.12956
"Bold Line","(2) Wildfire Wall > West Side > (z) Lower Gorge > Smith Rock > Central Oregon > Oregon",https://www.mountainproject.com/route/114478372/bold-line,3.0,-1,Trad,5.10+,1,60,44.36798,-121.13081
"Ugly As Sin","(3) Hand Job Wall > East Side > (z) Lower Gorge > Smith Rock > Central Oregon > Oregon",https://www.mountainproject.com/route/110021815/ugly-as-sin,3.0,-1,Trad,5.11a,1,80,44.36774,-121.12995
"Bush Doctor","(5) Jungle Land > West Side > (z) Lower Gorge > Smith Rock > Central Oregon > Oregon",https://www.mountainproject.com/route/106000453/bush-doctor,3.0,-1,Trad,5.10b,1,,44.36521,-121.13067
"Serology Test","Power Lines > Central Oregon > Oregon",https://www.mountainproject.com/route/118865770/serology-test,3.3,-1,"Sport, TR",5.11+,1,45,44.04393,-121.46742
"London Calling","(4) Big Ben Tower > (v) Monument Area > Smith Rock > Central Oregon > Oregon",https://www.mountainproject.com/route/117968944/london-calling,3.0,-1,Trad,5.10d,1,105,44.3761,-121.13816
"Hazy Shade of Summer","(3) Hand Job Wall > East Side > (z) Lower Gorge > Smith Rock > Central Oregon > Oregon",https://www.mountainproject.com/route/114982250/hazy-shade-of-summer,3.0,-1,Sport,5.11+,1,80,44.36774,-121.12995
"Mantra Extension","(4) Star Wall > West Side > (z) Lower Gorge > Smith Rock > Central Oregon > Oregon",https://www.mountainproject.com/route/110643508/mantra-extension,3.0,-1,Trad,5.10d,1,105,44.36629,-121.13069
"Heat Stroke","Koala Rock > (w) The Marsupials > Smith Rock > Central Oregon > Oregon",https://www.mountainproject.com/route/106194059/heat-stroke,3.0,-1,Trad,5.10b,1,,44.36947,-121.12462
"I Almost Died","(u) Red Wall > Smith Rock > Central Oregon > Oregon",https://www.mountainproject.com/route/109565262/i-almost-died,2.8,-1,Trad,5.11a,1,40,44.3696,-121.13916
"Keg Party / Variation","Reproductive Wall > Student Wall > (yy) Basalt Rimrock > Smith Rock > Central Oregon > Oregon",https://www.mountainproject.com/route/117678102/keg-party-variation,3.0,-1,Sport,5.11c/d,1,60,44.37155,-121.13122
"Burma Buttress","(u) Red Wall > Smith Rock > Central Oregon > Oregon",https://www.mountainproject.com/route/114978650/burma-buttress,3.0,-1,Trad,5.10a,1,120,44.3696,-121.13916
"Crack of Noon","Shepard's Tower > Central Oregon > Oregon",https://www.mountainproject.com/route/114366013/crack-of-noon,3.0,-1,Trad,5.9+,1,80,44.64581,-121.6113
"Anniversary Arete","Power Lines > Central Oregon > Oregon",https://www.mountainproject.com/route/119060631/anniversary-arete,3.0,-1,"Sport, TR",5.11b,1,40,44.04393,-121.46742
"Nobody Wants to Seam That","(5) Shakespeare Cliff > East Side > (z) Lower Gorge > Smith Rock > Central Oregon > Oregon",https://www.mountainproject.com/route/122688388/nobody-wants-to-seam-that,3.0,-1,Trad,5.10b,1,60,44.36684,-121.12991
Steelhead,"The Main Wall > Trout Creek > Central Oregon > Oregon",https://www.mountainproject.com/route/106679368/steelhead,3.0,-1,Trad,5.11,1,80,44.80197,-121.10859
Rightway,"The Main Wall > Trout Creek > Central Oregon > Oregon",https://www.mountainproject.com/route/112059171/rightway,3.0,-1,Trad,5.11+,1,,44.80197,-121.10859
"Glory Bulge","The Cool Wall > Trout Creek > Central Oregon > Oregon",https://www.mountainproject.com/route/112014206/glory-bulge,3.0,-1,Trad,5.10,1,,44.79728,-121.11122
"Mighty Mouse","(rr) Diamonds and Rust Buttress > Smith Rock > Central Oregon > Oregon",https://www.mountainproject.com/route/118333934/mighty-mouse,3.0,-1,Sport,5.11b,1,65,44.36979,-121.14391
"Changing Lanes","Koala Rock > (w) The Marsupials > Smith Rock > Central Oregon > Oregon",https://www.mountainproject.com/route/120195386/changing-lanes,3.0,-1,Trad,5.9,1,70,44.36947,-121.12462
"Torque dat Axe","Hidden Wall > (yy) Basalt Rimrock > Smith Rock > Central Oregon > Oregon",https://www.mountainproject.com/route/120067015/torque-dat-axe,3.0,-1,"TR, Mixed","5.10a M5",1,30,44.36756,-121.13595
"7-10 Split","(8) Anglin's Buttress > (v) Monument Area > Smith Rock > Central Oregon > Oregon",https://www.mountainproject.com/route/116493134/7-10-split,3.0,-1,Sport,5.11b,4,300,44.37648,-121.1337
"Put a Torque in It","Hidden Wall > (yy) Basalt Rimrock > Smith Rock > Central Oregon > Oregon",https://www.mountainproject.com/route/120066883/put-a-torque-in-it,3.0,-1,"TR, Mixed","5.11+ M5+",1,30,44.36756,-121.13595
"Education Graduation","Meadow Camp > Central Oregon > Oregon",https://www.mountainproject.com/route/122370983/education-graduation,3.0,-1,TR,5.11a,1,20,44.00144,-121.37788
"Vombatus Ursinus","The Wombat > (w) The Marsupials > Smith Rock > Central Oregon > Oregon",https://www.mountainproject.com/route/119265937/vombatus-ursinus,3.0,-1,Trad,5.10d,1,90,44.3711,-121.12285
"Teasing Hank","The Hank Collins Memorial Wall > (7) The Monument > (v) Monument Area > Smith Rock > Central Oregon > Oregon",https://www.mountainproject.com/route/119809034/teasing-hank,3.0,-1,Sport,5.11c/d,1,110,44.37591,-121.13458
"Tight Squeeze","Meadow Camp > Central Oregon > Oregon",https://www.mountainproject.com/route/116972833/tight-squeeze,3.0,-1,"Trad, TR",5.11,1,25,44.00144,-121.37788
Tetris,"Shepard's Tower > Central Oregon > Oregon",https://www.mountainproject.com/route/114365833/tetris,3.0,-1,"Sport, TR",5.11-,1,50,44.64581,-121.6113
"Contact Tracing","Power Lines > Central Oregon > Oregon",https://www.mountainproject.com/route/118865728/contact-tracing,3.0,-1,"Sport, TR",5.11b/c,1,45,44.04393,-121.46742
"Direct Drive","Southeast Face > (7) The Monument > (v) Monument Area > Smith Rock > Central Oregon > Oregon",https://www.mountainproject.com/route/118006417/direct-drive,3.0,-1,Sport,5.11a/b,1,100,44.37627,-121.13428
"L'Eggo My Eggo","Southside > Brogan Spire > (w) The Marsupials > Smith Rock > Central Oregon > Oregon",https://www.mountainproject.com/route/122147473/leggo-my-eggo,3.0,-1,Sport,5.10d,1,30,44.3687,-121.12383
Jzero,"(q) Mesa Verde Wall > Smith Rock > Central Oregon > Oregon",https://www.mountainproject.com/route/112367196/jzero,3.0,-1,TR,5.11,1,80,44.36866,-121.14442
"The Wandering Wegian","Corbett State Park > Central Oregon > Oregon",https://www.mountainproject.com/route/112233534/the-wandering-wegian,3.0,-1,Trad,"5.9 R",2,220,44.40816,-121.79846
Starkist,"(zz) Upper Gorge > Smith Rock > Central Oregon > Oregon",https://www.mountainproject.com/route/121879357/starkist,3.0,-1,Sport,5.11,1,80,44.36434,-121.12783
"Hyrule Ascending","Shepard's Tower > Central Oregon > Oregon",https://www.mountainproject.com/route/119347643/hyrule-ascending,3.0,-1,"Sport, TR",5.10c,1,60,44.64581,-121.6113
"Logan's Corner","Whispering Springs > Willow Creek > Central Oregon > Oregon",https://www.mountainproject.com/route/116739726/logans-corner,3.0,-1,Sport,5.7,1,40,44.64309,-121.15836
"Horse With No Name","The Main Wall > Trout Creek > Central Oregon > Oregon",https://www.mountainproject.com/route/112059246/horse-with-no-name,3.0,-1,Trad,5.10+,1,,44.80197,-121.10859
"The Platypus Perspective","The Wombat > (w) The Marsupials > Smith Rock > Central Oregon > Oregon",https://www.mountainproject.com/route/122635609/the-platypus-perspective,3.0,-1,Trad,5.11a,2,200,44.3711,-121.12285
"High Iron","Brandon's Cliff > Willow Creek > Central Oregon > Oregon",https://www.mountainproject.com/route/121930228/high-iron,3.0,-1,Sport,5.7,1,50,44.64499,-121.16113
"Ball of Fire","Twin Cracks > Willow Creek > Central Oregon > Oregon",https://www.mountainproject.com/route/120008579/ball-of-fire,3.5,-1,Sport,5.7,1,35,44.64246,-121.157
"4 Letter Word","The Cool Wall > Trout Creek > Central Oregon > Oregon",https://www.mountainproject.com/route/112014167/4-letter-word,3.0,-1,Trad,5.10-,1,,44.79728,-121.11122
Goo-Goo-Eye,"Átya tpísh (North face) > Willow Creek > Central Oregon > Oregon",https://www.mountainproject.com/route/121930390/goo-goo-eye,3.0,-1,TR,5.8-,1,50,44.64428,-121.16105
Rocinante,"The Main Wall > Trout Creek > Central Oregon > Oregon",https://www.mountainproject.com/route/112059254/rocinante,3.0,-1,Trad,"5.11 PG13",1,,44.80197,-121.10859
"Join the Birds","Brandon's Cliff > Willow Creek > Central Oregon > Oregon",https://www.mountainproject.com/route/120009073/join-the-birds,3.0,-1,"Sport, TR",5.11-,1,60,44.64499,-121.16113
"Pidgin Slab","Brandon's Cliff > Willow Creek > Central Oregon > Oregon",https://www.mountainproject.com/route/121930334/pidgin-slab,3.0,-1,TR,5.10+,1,60,44.64499,-121.16113
"Grease the Pig","Brandon's Cliff > Willow Creek > Central Oregon > Oregon",https://www.mountainproject.com/route/121930292/grease-the-pig,3.0,-1,TR,5.10+,1,60,44.64499,-121.16113
"Traveling Grunt","Átya tpísh (North face) > Willow Creek > Central Oregon > Oregon",https://www.mountainproject.com/route/121930492/traveling-grunt,3.0,-1,"Sport, TR",5.11b,1,50,44.64428,-121.16105
"Lay Over","Brandon's Cliff > Willow Creek > Central Oregon > Oregon",https://www.mountainproject.com/route/120009040/lay-over,3.0,-1,"Sport, TR",5.10+,1,60,44.64499,-121.16113
"Right of Right Twin","Twin Cracks > Willow Creek > Central Oregon > Oregon",https://www.mountainproject.com/route/121930268/right-of-right-twin,3.0,-1,TR,5.7,1,40,44.64246,-121.157
Armstrong,"Átya tpísh (North face) > Willow Creek > Central Oregon > Oregon",https://www.mountainproject.com/route/121930415/armstrong,3.0,-1,TR,5.11a,1,50,44.64428,-121.16105
"Beauty in Dirt","The Cool Wall > Trout Creek > Central Oregon > Oregon",https://www.mountainproject.com/route/112014173/beauty-in-dirt,3.0,-1,Trad,5.10+,1,,44.79728,-121.11122
"Non Servium","The Cool Wall > Trout Creek > Central Oregon > Oregon",https://www.mountainproject.com/route/112014230/non-servium,3.0,-1,Trad,5.10,1,,44.79728,-121.11122
Glaxo,"East > Cline Falls Routes > Cline Falls > Central Oregon > Oregon",https://www.mountainproject.com/route/122784847/glaxo,3.0,-1,Sport,5.11+,1,40,44.27748,-121.25681
"Merle Kicks Ass","The Cool Wall > Trout Creek > Central Oregon > Oregon",https://www.mountainproject.com/route/112014223/merle-kicks-ass,3.0,-1,Trad,5.10,1,,44.79728,-121.11122
"The Way of the Bull","The Cool Wall > Trout Creek > Central Oregon > Oregon",https://www.mountainproject.com/route/112014181/the-way-of-the-bull,3.0,-1,Trad,5.11,1,,44.79728,-121.11122
"Jungle Book","(5) Jungle Land > West Side > (z) Lower Gorge > Smith Rock > Central Oregon > Oregon",https://www.mountainproject.com/route/111045751/jungle-book,3.0,-1,Trad,5.11+,1,80,44.36521,-121.13067
Judas,"(5) Jungle Land > West Side > (z) Lower Gorge > Smith Rock > Central Oregon > Oregon",https://www.mountainproject.com/route/111261005/judas,3.0,-1,Trad,5.10a,1,70,44.36521,-121.13067
"Pleasure Principle","(1) Cajun Cliff > (v) Monument Area > Smith Rock > Central Oregon > Oregon",https://www.mountainproject.com/route/116252529/pleasure-principle,3.0,-1,Sport,5.10d,1,60,44.37333,-121.14037
"Hang it Loose","Left Side > Northern Point > (yy) Basalt Rimrock > Smith Rock > Central Oregon > Oregon",https://www.mountainproject.com/route/117748478/hang-it-loose,3.0,-1,Trad,5.10b/c,1,40,44.37254,-121.13443
"Little Squirt","(1) So Lo Wall > East Side > (z) Lower Gorge > Smith Rock > Central Oregon > Oregon",https://www.mountainproject.com/route/107166420/little-squirt,3.0,-1,Trad,5.9,1,25,44.36774,-121.12995
"Cobra Commander","(n) Snake Rock > Smith Rock > Central Oregon > Oregon",https://www.mountainproject.com/route/120331100/cobra-commander,3.0,-1,Sport,5.11b,2,200,44.36679,-121.14644
"Attic Antics","Christian Brothers - East Side > (l) Christian Brothers > Smith Rock > Central Oregon > Oregon",https://www.mountainproject.com/route/105937375/attic-antics,3.0,-1,Trad,5.11b,1,45,44.36598,-121.14688
"Sideshow Bob","Steins Overlook > Steins Pillar > Central Oregon > Oregon",https://www.mountainproject.com/route/119218979/sideshow-bob,3.0,-1,Sport,5.10d,1,50,44.41091,-120.62029
"Attack of the Killer Ants","Non-Aggro Gully, Left Side > (xx) The Zoo > Smith Rock > Central Oregon > Oregon",https://www.mountainproject.com/route/123584815/attack-of-the-killer-ants,3.0,-1,Sport,5.8,1,80,44.38139,-121.11156
"Spoiled Rotten","Non-Aggro Gully, Left Side > (xx) The Zoo > Smith Rock > Central Oregon > Oregon",https://www.mountainproject.com/route/123584845/spoiled-rotten,2.9,-1,Sport,5.8,1,,44.38139,-121.11156
"Widow Maker","(p) Spiderman Buttress > Smith Rock > Central Oregon > Oregon",https://www.mountainproject.com/route/124115046/widow-maker,3.7,-1,Trad,5.9,2,210,44.36777,-121.14507
"A Model for Modern Times","Koala Rock > (w) The Marsupials > Smith Rock > Central Oregon > Oregon",https://www.mountainproject.com/route/124944474/a-model-for-modern-times,3.0,-1,Sport,5.9,1,50,44.36947,-121.12462
"Axe Attack Crack","West > Cline Falls Routes > Cline Falls > Central Oregon > Oregon",https://www.mountainproject.com/route/125110326/axe-attack-crack,3.0,-1,Trad,5.9,1,40,44.27978,-121.25589
"Desert Solitaire","Koala Rock > (w) The Marsupials > Smith Rock > Central Oregon > Oregon",https://www.mountainproject.com/route/124999854/desert-solitaire,3.0,-1,Trad,"5.10a R",3,250,44.36947,-121.12462
"Cougar Express","Main Area > Cougar Buttress > Central Oregon > Oregon",https://www.mountainproject.com/route/124521923/cougar-express,3.0,-1,Trad,5.10-,6,,44.03596,-121.54824
Yardsale,"Main Area > Cougar Buttress > Central Oregon > Oregon",https://www.mountainproject.com/route/124521960/yardsale,3.0,-1,Trad,5.10-,5,,44.03596,-121.54824
"Be Here Now","(4) Arrington Columns > East Side > (z) Lower Gorge > Smith Rock > Central Oregon > Oregon",https://www.mountainproject.com/route/125041638/be-here-now,3.0,-1,Sport,5.10a/b,1,80,44.36774,-121.12995
"One For the Dirty Girls","The Platform > (xx) The Zoo > Smith Rock > Central Oregon > Oregon",https://www.mountainproject.com/route/123584597/one-for-the-dirty-girls,3.3,-1,Sport,5.10b,1,80,44.38135,-121.11188
Tova,"Main Area > Cougar Buttress > Central Oregon > Oregon",https://www.mountainproject.com/route/125491168/tova,3.0,-1,Sport,5.10b,1,85,44.03596,-121.54824
"Remain in Light","(tt) New World Buttress > Smith Rock > Central Oregon > Oregon",https://www.mountainproject.com/route/125684668/remain-in-light,3.6,-1,Sport,5.10b,4,360,44.37456,-121.14557
"Relevant to My Interests","The Platform > (xx) The Zoo > Smith Rock > Central Oregon > Oregon",https://www.mountainproject.com/route/123584553/relevant-to-my-interests,3.0,-1,Sport,5.10c,1,90,44.38135,-121.11188
"Cranking with Kari","(zz) Upper Gorge > Smith Rock > Central Oregon > Oregon",https://www.mountainproject.com/route/125904493/cranking-with-kari,3.0,-1,Sport,5.10c,1,40,44.36434,-121.12783
"Worlds Collide","Hidden Wall > (yy) Basalt Rimrock > Smith Rock > Central Oregon > Oregon",https://www.mountainproject.com/route/125966239/worlds-collide,3.0,-1,Sport,5.10c,1,40,44.36756,-121.13595
"Unwasted Youth","West > Cline Falls Routes > Cline Falls > Central Oregon > Oregon",https://www.mountainproject.com/route/125110353/unwasted-youth,3.0,-1,Trad,5.10+,1,45,44.27978,-121.25589
"The Heart Marksman","West > Cline Falls Routes > Cline Falls > Central Oregon > Oregon",https://www.mountainproject.com/route/125110459/the-heart-marksman,3.0,-1,Sport,5.10+,1,40,44.27978,-121.25589
"Stormy Daniels","(x) Tasmanian Devil > Smith Rock > Central Oregon > Oregon",https://www.mountainproject.com/route/123581515/stormy-daniels,3.5,-1,Sport,5.11a,1,80,44.38617,-121.11229
"Exit...Stage Left","The Fourth Area > (xx) The Zoo > Smith Rock > Central Oregon > Oregon",https://www.mountainproject.com/route/123582864/exitstage-left,3.1,-1,Sport,5.11a,1,60,44.38183,-121.11272
"Farewell to Smith","(1) Northeast Face > (m) Smith Rock Group > Smith Rock > Central Oregon > Oregon",https://www.mountainproject.com/route/124924804/farewell-to-smith,3.0,-1,Trad,5.11a,2,150,44.36442,-121.14739
"Windhover Arête","Main Area > Cougar Buttress > Central Oregon > Oregon",https://www.mountainproject.com/route/125510433/windhover-arete,4.0,-1,Sport,5.11a,2,160,44.03596,-121.54824
"Lion Zion (Extension)","(g) Morning Glory Wall > Smith Rock > Central Oregon > Oregon",https://www.mountainproject.com/route/126116839/lion-zion-extension,4.0,-1,Sport,5.11a,1,210,44.36716,-121.14353
Harvest,"(3) Catwalk Cliff > West Side > (z) Lower Gorge > Smith Rock > Central Oregon > Oregon",https://www.mountainproject.com/route/124151283/harvest,3.0,-1,Trad,5.11b,1,90,44.36733,-121.13065
"Unknown Seam/Face","Meadow Camp > Central Oregon > Oregon",https://www.mountainproject.com/route/124019509/unknown-seamface,3.0,-1,TR,5.11,1,25,44.00144,-121.37788
"Dancing Lessons For the Advanced in Age","The Cave > (xx) The Zoo > Smith Rock > Central Oregon > Oregon",https://www.mountainproject.com/route/123582872/dancing-lessons-for-the-advanced-in-age,3.0,-1,Sport,5.11c,1,60,44.38138,-121.11229
"The Smell of Napalm in the Morning","The Cave > (xx) The Zoo > Smith Rock > Central Oregon > Oregon",https://www.mountainproject.com/route/123583948/the-smell-of-napalm-in-the-morning,3.1,-1,Sport,5.11c,1,50,44.38138,-121.11229
"Hasa Diga Eebowai","The Arch > (xx) The Zoo > Smith Rock > Central Oregon > Oregon",https://www.mountainproject.com/route/123585943/hasa-diga-eebowai,3.0,-1,Sport,5.11c,1,70,44.38259,-121.10819
Boomerang,"West Face (Canal Side) > The Kangaroo > (w) The Marsupials > Smith Rock > Central Oregon > Oregon",https://www.mountainproject.com/route/124633758/boomerang,3.3,-1,Sport,5.11c,1,75,44.36633,-121.12453
"Cougar Headwall","Main Area > Cougar Buttress > Central Oregon > Oregon",https://www.mountainproject.com/route/124896326/cougar-headwall,4.0,-1,Trad,"5.11c PG13",1,,44.03596,-121.54824
"B.A.G. It","Main Area > Cougar Buttress > Central Oregon > Oregon",https://www.mountainproject.com/route/125510514/bag-it,3.0,-1,Sport,5.11+,1,115,44.03596,-121.54824
